SET NAMES utf8mb4;
SET FOREIGN_KEY_CHECKS = 0;

-- ----------------------------
-- Table structure for roj_contest
-- ----------------------------
DROP TABLE IF EXISTS `roj_contest`;
CREATE TABLE `roj_contest`  (
  `cont_id` int(11) UNSIGNED NOT NULL AUTO_INCREMENT,
  `cont_title` varchar(255) CHARACTER SET utf8mb4 COLLATE utf8mb4_general_ci NOT NULL,
  `cont_description` text CHARACTER SET utf8mb4 COLLATE utf8mb4_general_ci NULL,
  `cont_starttime` datetime(0) NOT NULL,
  `cont_endtime` datetime(0) NOT NULL,
  PRIMARY KEY (`cont_id`) USING BTREE,
  INDEX `pk_cont_id`(`cont_id`) USING BTREE,
  INDEX `pk_cont_title`(`cont_title`) USING BTREE
) ENGINE = InnoDB AUTO_INCREMENT = 14 CHARACTER SET = utf8mb4 COLLATE = utf8mb4_general_ci ROW_FORMAT = Dynamic;

-- ----------------------------
-- Records of roj_contest
-- ----------------------------
INSERT INTO `roj_contest` VALUES (1, '2019蓝桥杯集训——STL应用专题', '描述', '2019-09-01 22:33:44', '2019-09-15 22:33:50');
INSERT INTO `roj_contest` VALUES (2, '2019蓝桥杯集训——DFS专题', '描述', '2019-09-07 22:34:33', '2019-09-15 22:34:43');
INSERT INTO `roj_contest` VALUES (3, '计信1701-Java第一章习题', '描述', '2019-09-16 18:43:34', '2019-09-18 18:43:43');
INSERT INTO `roj_contest` VALUES (4, '计工本17-数据库概论-SQL练习1', '描述', '2019-10-03 18:44:46', '2019-10-10 18:44:51');
INSERT INTO `roj_contest` VALUES (5, '计师本18-C语言程序设计-循环练习', '描述', '2019-10-05 18:45:53', '2019-10-20 18:46:01');
INSERT INTO `roj_contest` VALUES (6, '2019蓝桥杯集训-最短路算法', '描述', '2019-10-10 18:46:31', '2019-10-11 18:46:41');
INSERT INTO `roj_contest` VALUES (7, '计信1701-Java第二章习题', '描述', '2019-10-12 18:47:10', '2019-10-13 18:47:14');
INSERT INTO `roj_contest` VALUES (8, '计信1701-Java第三章习题', '描述', '2019-10-13 18:47:46', '2019-10-22 18:47:54');
INSERT INTO `roj_contest` VALUES (9, '计工本17-数据库概论-联结查询', '描述', '2019-11-01 18:48:24', '2019-11-03 18:48:27');
INSERT INTO `roj_contest` VALUES (10, 'SDNU ACMICPC 月赛1', '描述', '2019-11-03 18:48:53', '2019-11-05 18:48:58');
INSERT INTO `roj_contest` VALUES (11, '计师本18-C语言-期末总练习', '<div style=\"width: 80%; margin: auto;\">&nbsp;&nbsp;&nbsp;&nbsp;考试作为教学评价的一种手段，作用除了对同学基础知识和基本技能进行考查之外，就是通过考试让教师了解同学掌握知识的总体情况，为教师教学方法的改进、教学措施的调整、教学策略的制定和实施，提供全面的客观的依据。因此，严肃考风考纪，确保考试过程和考试结果的公平公正，确保考试的权威性和可信性，是学校教学常规管理和维护教学秩序的需要。而且，同学们通过考试，对自己的学习情况得出一个理性的认识，促使自己巩固所学知识、技能，从学习结果的反馈中，及时获得矫正信息，调整自己今后的学习（包括学科平衡，查漏补缺，学习态度和方法）。因此每一个同学都必须以认真、严肃、负责的态度对待期末考试。</div>', '2019-12-01 18:49:44', '2019-12-23 18:49:47');
INSERT INTO `roj_contest` VALUES (12, '计算机17-数据库-期末总练习', '<div style=\"text-align: center;\"><img src=\"http://www.ischool.sdnu.edu.cn/images/top_1.jpg\"></div><div style=\"text-align: center;\"><font size=\"5\">祝大家期末取得好成绩！</font></div>', '2019-12-02 18:50:23', '2019-12-23 18:50:27');
INSERT INTO `roj_contest` VALUES (13, 'ACM ICPC集训队寒假热身赛', '描述', '2020-01-13 18:50:58', '2020-01-20 18:51:02');

-- ----------------------------
-- Table structure for roj_contest_problem
-- ----------------------------
DROP TABLE IF EXISTS `roj_contest_problem`;
CREATE TABLE `roj_contest_problem`  (
  `cprob_cont_id` int(11) UNSIGNED NOT NULL COMMENT '竞赛Id',
  `cprob_id` int(11) UNSIGNED NOT NULL COMMENT '竞赛内的题目Id',
  `cprob_prob_id` int(11) UNSIGNED NOT NULL COMMENT '题目Id',
  PRIMARY KEY (`cprob_cont_id`, `cprob_id`) USING BTREE,
  INDEX `fk_cprob_prob_id`(`cprob_prob_id`) USING BTREE,
  INDEX `pk_cprob_cont_id`(`cprob_cont_id`) USING BTREE,
  CONSTRAINT `fk_cprob_cont_id` FOREIGN KEY (`cprob_cont_id`) REFERENCES `roj_contest` (`cont_id`) ON DELETE RESTRICT ON UPDATE RESTRICT,
  CONSTRAINT `fk_cprob_prob_id` FOREIGN KEY (`cprob_prob_id`) REFERENCES `roj_problem` (`prob_id`) ON DELETE RESTRICT ON UPDATE RESTRICT
) ENGINE = InnoDB CHARACTER SET = utf8mb4 COLLATE = utf8mb4_general_ci ROW_FORMAT = Dynamic;

-- ----------------------------
-- Records of roj_contest_problem
-- ----------------------------
INSERT INTO `roj_contest_problem` VALUES (11, 1, 2);
INSERT INTO `roj_contest_problem` VALUES (12, 1, 3);
INSERT INTO `roj_contest_problem` VALUES (12, 2, 4);
INSERT INTO `roj_contest_problem` VALUES (12, 3, 5);
INSERT INTO `roj_contest_problem` VALUES (11, 2, 6);
INSERT INTO `roj_contest_problem` VALUES (11, 3, 7);
INSERT INTO `roj_contest_problem` VALUES (11, 4, 8);
INSERT INTO `roj_contest_problem` VALUES (11, 5, 9);
INSERT INTO `roj_contest_problem` VALUES (11, 6, 10);
INSERT INTO `roj_contest_problem` VALUES (11, 7, 11);
INSERT INTO `roj_contest_problem` VALUES (11, 8, 12);
INSERT INTO `roj_contest_problem` VALUES (12, 4, 39);
INSERT INTO `roj_contest_problem` VALUES (12, 5, 40);
INSERT INTO `roj_contest_problem` VALUES (12, 6, 41);
INSERT INTO `roj_contest_problem` VALUES (12, 7, 42);
INSERT INTO `roj_contest_problem` VALUES (12, 8, 43);
INSERT INTO `roj_contest_problem` VALUES (12, 9, 44);
INSERT INTO `roj_contest_problem` VALUES (12, 10, 45);

-- ----------------------------
-- Table structure for roj_news
-- ----------------------------
DROP TABLE IF EXISTS `roj_news`;
CREATE TABLE `roj_news`  (
  `news_id` int(11) UNSIGNED NOT NULL AUTO_INCREMENT,
  `news_title` varchar(255) CHARACTER SET utf8mb4 COLLATE utf8mb4_general_ci NOT NULL,
  `news_content` longtext CHARACTER SET utf8mb4 COLLATE utf8mb4_general_ci NULL,
  `news_date` datetime(0) NOT NULL DEFAULT CURRENT_TIMESTAMP(0),
  PRIMARY KEY (`news_id`) USING BTREE,
  INDEX `pk_news_id`(`news_id`) USING BTREE
) ENGINE = InnoDB AUTO_INCREMENT = 4 CHARACTER SET = utf8mb4 COLLATE = utf8mb4_general_ci ROW_FORMAT = Dynamic;

-- ----------------------------
-- Records of roj_news
-- ----------------------------
INSERT INTO `roj_news` VALUES (1, '全新OJ上线', '山东师范大学入门OnlineJudge，是山师信工学院专为新手准备的在线编程练习平台，旨在提高新生的动手能力，OJ题目简单，易上手。用户可以在线提交程序多种程序（如C、C++、Java、Python、Kotlin）源代码，系统对源代码进行编译和执行，并通过预先设计的测试数据来检验程序源代码的正确性。', '2019-12-14 22:41:50');
INSERT INTO `roj_news` VALUES (2, '测试新闻', '新闻内容', '2019-12-15 00:44:53');
INSERT INTO `roj_news` VALUES (3, '山东师范大学学生团队获省ACM大学生程序设计竞赛金奖', '\r\n    5月6日至7日，由ACM（美国计算机协会）授权、山东省计算机学会主办的“浪潮杯”第八届山东省ACM大学生程序设计竞赛在青岛科技大学崂山校区举行，来自省内35所高校的206支代表队共618名队员参加了比赛。经过五个小时的激烈角逐，由山东师范大学信息科学与工程学院房晓南老师指导，魏华超、范振华、王雨桐三名同学组成的“Pearlescent”代表队获金奖，“超超说得队”摘得银奖，“电磁萨满特斯拉”、“马斯卡彭芝士”、“青岛公费游”、“狼群”四支队伍获得铜奖，实现了信息科学与工程学院在ACM竞赛历史上的突破。\r\n<div style=\"text-align: center\">    <br/><br/>\r\n    <img border=\"0\" hspace=\"0\" id=\"236h4ej8k7\"\r\n         src=\"http://www.qlshx.sdnu.edu.cn/_mediafile/qlsx2016/2017/05/09/236h4ej8k7.jpg\"width=\"640\">\r\n    <br/><br/>\r\n    &nbsp;&nbsp;&nbsp;&nbsp;比赛期间，各参赛代表队成员之间合理分工、默契配合，认真分析题目，谨慎设计算法，不断调试优化，完成程序编写，每成功解答一题，会由工作人员在参赛队员的桌子上插上相应题目的荣誉气球。山东省ACM大学生程序设计竞赛一直被视为省内高校和IT业界内广泛交流合作的好机会，省赛获奖队伍有机会参加ACM/ICPC区域赛，获奖队员也将直接获得浪潮集团实习面试的绿卡。\r\n    <br/><br/>\r\n    &nbsp;&nbsp;&nbsp;&nbsp;ACM国际大学生程序设计竞赛（ACM/ICPC）自1970年举办至今已历41届，是全球最具影响力的国际大学生程序竞赛，旨在展示大学生创新能力、团队精神和在压力下编写程序、分析和解决问题的能力。此次比赛采用国际通用规则进行，竞赛要求三人作为一支团队，五小时内在一台计算机上完成对程序试题的编程作答，最短的时间内解题最多的队伍获胜。题目涉及高级语言程序设计、高等数学、数据结构、算法分析、数学建模等多学科知识，对于强化和拓展学生的知识深度和广度具有重要意义。\r\n    <br/><br/>\r\n    &nbsp;&nbsp;&nbsp;&nbsp;信息科学与工程学院历来重视本科生专业赛事的组织参赛工作，更是将ACM纳入学院重点支持与培养的科技竞赛行列，安排专业指导教师，开辟专门场地和服务器资源提供ACM团队训练，支持参赛团队备战集训。此次优异成绩的取得，充分体现了学院在指导学生参加高水平科技竞赛方面的雄厚实力和本科学生进行创新创业的技术水平，也预祝各参赛队伍在接下来的比赛中再接再厉，再创佳绩。\r\n    <br/><br/>\r\n    <img border=\"0\" hspace=\"0\" src=\"http://www.qlshx.sdnu.edu.cn/_mediafile/qlsx2016/2017/05/09/24q9p2x8iz.jpg\"/>\r\n\r\n</div>\r\n', '2019-12-16 19:09:15');

-- ----------------------------
-- Table structure for roj_problem
-- ----------------------------
DROP TABLE IF EXISTS `roj_problem`;
CREATE TABLE `roj_problem`  (
  `prob_id` int(11) UNSIGNED NOT NULL AUTO_INCREMENT,
  `prob_title` varchar(255) CHARACTER SET utf8mb4 COLLATE utf8mb4_general_ci NOT NULL,
  `prob_description` longtext CHARACTER SET utf8mb4 COLLATE utf8mb4_general_ci NULL,
  `prob_input` text CHARACTER SET utf8mb4 COLLATE utf8mb4_general_ci NULL,
  `prob_output` text CHARACTER SET utf8mb4 COLLATE utf8mb4_general_ci NULL,
  `prob_sample_input` text CHARACTER SET utf8mb4 COLLATE utf8mb4_general_ci NULL,
  `prob_sample_output` text CHARACTER SET utf8mb4 COLLATE utf8mb4_general_ci NULL,
  `prob_hint` varchar(255) CHARACTER SET utf8mb4 COLLATE utf8mb4_general_ci NULL DEFAULT '',
  `prob_time_limit` int(11) UNSIGNED NOT NULL DEFAULT 1000,
  `prob_memory_limit` int(11) UNSIGNED NOT NULL DEFAULT 262144,
  `prob_submit_count` int(11) UNSIGNED NOT NULL DEFAULT 0,
  `prob_solved_count` int(11) UNSIGNED NOT NULL DEFAULT 0,
  `prob_is_dbjudge` tinyint(1) UNSIGNED NOT NULL DEFAULT 0,
  `prob_data_version` varchar(30) CHARACTER SET utf8mb4 COLLATE utf8mb4_general_ci NOT NULL DEFAULT '1.0',
  PRIMARY KEY (`prob_id`) USING BTREE,
  INDEX `pk_prob_id`(`prob_id`) USING BTREE,
  INDEX `idx_prob_title`(`prob_title`) USING BTREE
) ENGINE = InnoDB AUTO_INCREMENT = 47 CHARACTER SET = utf8mb4 COLLATE = utf8mb4_general_ci ROW_FORMAT = Dynamic;

-- ----------------------------
-- Records of roj_problem
-- ----------------------------
INSERT INTO `roj_problem` VALUES (1, 'Hello World', '对于大多数程序员来说，写的第一个程序都是Hello world<br/>\n现在, 轮到你来写Hello world了', '无输入', '只有一行Hello world, 注意不能多也不能少哦', '', 'Hello world', '提示', 1000, 262144, 0, 0, 0, '1.0');
INSERT INTO `roj_problem` VALUES (2, 'A + B', '计算A + B的值', '输入有一行，两个数A和B，以空格分隔', '输出一行，一个数，A + B的和', '1 1', '2', '提示', 1000, 262144, 0, 0, 0, '1.0');
INSERT INTO `roj_problem` VALUES (3, 'SQL: 成绩管理-查询学生的学号与姓名', '<p class=\"MsoNormal\">给定数据库，编写一条<span lang=\"EN-US\">SQL</span>语句，要求满足以下查询内容<span lang=\"EN-US\"><o:p></o:p></span></p>\n\n<p class=\"MsoNormal\"><b style=\"mso-bidi-font-weight:normal\">查询全体学生的学号<span lang=\"EN-US\">(<span style=\"color:red\">Sno</span>)</span>与姓名<span lang=\"EN-US\">(<span style=\"color:red\">Sname</span>)<o:p></o:p></span></b></p><p class=\"MsoNormal\"><b style=\"mso-bidi-font-weight:normal\"><span lang=\"EN-US\"><br></span></b></p>\n\n<p class=\"MsoNormal\">注意，所有题目查询字段<b>名称</b>(大小写随意)和<b>顺序</b>必须和题目给出的一致，否则判错</p><p class=\"MsoNormal\">只能使用<b>英文字符</b>(如 逗号, 小于号&lt; 叹号! 等等)，否则会导致<b>Runtime Error</b></p><p class=\"MsoNormal\"><br></p>\n\n<p class=\"MsoNormal\"><b style=\"mso-bidi-font-weight:normal\"><span lang=\"EN-US\">Student</span></b>表<span lang=\"EN-US\">(</span>学生表<span lang=\"EN-US\">)<o:p></o:p></span></p>\n\n<table class=\"MsoTableGrid\" border=\"1\" cellspacing=\"0\" cellpadding=\"0\" style=\"border-collapse:collapse;border:none;mso-border-alt:solid windowtext .5pt;\n mso-yfti-tbllook:1184;mso-padding-alt:0cm 5.4pt 0cm 5.4pt\">\n <tbody><tr style=\"mso-yfti-irow:0;mso-yfti-firstrow:yes\">\n  <td width=\"94\" valign=\"top\" style=\"width:70.65pt;border:solid windowtext 1.0pt;\n  mso-border-alt:solid windowtext .5pt;padding:0cm 5.4pt 0cm 5.4pt\">\n  <p class=\"MsoNormal\" align=\"center\" style=\"text-align:center\">学号 <b style=\"mso-bidi-font-weight:normal\"><span lang=\"EN-US\">Sno</span></b><span lang=\"EN-US\"><o:p></o:p></span></p>\n  </td>\n  <td width=\"94\" valign=\"top\" style=\"width:70.85pt;border:solid windowtext 1.0pt;\n  border-left:none;mso-border-left-alt:solid windowtext .5pt;mso-border-alt:\n  solid windowtext .5pt;padding:0cm 5.4pt 0cm 5.4pt\">\n  <p class=\"MsoNormal\" align=\"center\" style=\"text-align:center\">姓名 <b style=\"mso-bidi-font-weight:normal\"><span lang=\"EN-US\">Sname</span></b><span lang=\"EN-US\"><o:p></o:p></span></p>\n  </td>\n  <td width=\"85\" valign=\"top\" style=\"width:63.8pt;border:solid windowtext 1.0pt;\n  border-left:none;mso-border-left-alt:solid windowtext .5pt;mso-border-alt:\n  solid windowtext .5pt;padding:0cm 5.4pt 0cm 5.4pt\">\n  <p class=\"MsoNormal\" align=\"center\" style=\"text-align:center\">性别 <b style=\"mso-bidi-font-weight:normal\"><span lang=\"EN-US\">Ssex</span></b><span lang=\"EN-US\"><o:p></o:p></span></p>\n  </td>\n  <td width=\"85\" valign=\"top\" style=\"width:63.8pt;border:solid windowtext 1.0pt;\n  border-left:none;mso-border-left-alt:solid windowtext .5pt;mso-border-alt:\n  solid windowtext .5pt;padding:0cm 5.4pt 0cm 5.4pt\">\n  <p class=\"MsoNormal\" align=\"center\" style=\"text-align:center\">年龄 <b style=\"mso-bidi-font-weight:normal\"><span lang=\"EN-US\">Sage</span></b><span lang=\"EN-US\"><o:p></o:p></span></p>\n  </td>\n  <td width=\"104\" valign=\"top\" style=\"width:77.95pt;border:solid windowtext 1.0pt;\n  border-left:none;mso-border-left-alt:solid windowtext .5pt;mso-border-alt:\n  solid windowtext .5pt;padding:0cm 5.4pt 0cm 5.4pt\">\n  <p class=\"MsoNormal\" align=\"center\" style=\"text-align:center\">所在系 <b style=\"mso-bidi-font-weight:normal\"><span lang=\"EN-US\">Sdept</span></b><span lang=\"EN-US\"><o:p></o:p></span></p>\n  </td>\n </tr>\n <tr style=\"mso-yfti-irow:1\">\n  <td width=\"94\" valign=\"top\" style=\"width:70.65pt;border:solid windowtext 1.0pt;\n  border-top:none;mso-border-top-alt:solid windowtext .5pt;mso-border-alt:solid windowtext .5pt;\n  padding:0cm 5.4pt 0cm 5.4pt\">\n  <p class=\"MsoNormal\" align=\"center\" style=\"text-align:center\"><b style=\"mso-bidi-font-weight:normal\"><span lang=\"EN-US\">int<o:p></o:p></span></b></p>\n  </td>\n  <td width=\"94\" valign=\"top\" style=\"width:70.85pt;border-top:none;border-left:\n  none;border-bottom:solid windowtext 1.0pt;border-right:solid windowtext 1.0pt;\n  mso-border-top-alt:solid windowtext .5pt;mso-border-left-alt:solid windowtext .5pt;\n  mso-border-alt:solid windowtext .5pt;padding:0cm 5.4pt 0cm 5.4pt\">\n  <p class=\"MsoNormal\" align=\"center\" style=\"text-align:center\"><b style=\"mso-bidi-font-weight:normal\"><span lang=\"EN-US\">varchar<o:p></o:p></span></b></p>\n  </td>\n  <td width=\"85\" valign=\"top\" style=\"width:63.8pt;border-top:none;border-left:none;\n  border-bottom:solid windowtext 1.0pt;border-right:solid windowtext 1.0pt;\n  mso-border-top-alt:solid windowtext .5pt;mso-border-left-alt:solid windowtext .5pt;\n  mso-border-alt:solid windowtext .5pt;padding:0cm 5.4pt 0cm 5.4pt\">\n  <p class=\"MsoNormal\" align=\"center\" style=\"text-align:center\"><b style=\"mso-bidi-font-weight:normal\"><span lang=\"EN-US\">char<o:p></o:p></span></b></p>\n  </td>\n  <td width=\"85\" valign=\"top\" style=\"width:63.8pt;border-top:none;border-left:none;\n  border-bottom:solid windowtext 1.0pt;border-right:solid windowtext 1.0pt;\n  mso-border-top-alt:solid windowtext .5pt;mso-border-left-alt:solid windowtext .5pt;\n  mso-border-alt:solid windowtext .5pt;padding:0cm 5.4pt 0cm 5.4pt\">\n  <p class=\"MsoNormal\" align=\"center\" style=\"text-align:center\"><b style=\"mso-bidi-font-weight:normal\"><span lang=\"EN-US\">tinyint<o:p></o:p></span></b></p>\n  </td>\n  <td width=\"104\" valign=\"top\" style=\"width:77.95pt;border-top:none;border-left:\n  none;border-bottom:solid windowtext 1.0pt;border-right:solid windowtext 1.0pt;\n  mso-border-top-alt:solid windowtext .5pt;mso-border-left-alt:solid windowtext .5pt;\n  mso-border-alt:solid windowtext .5pt;padding:0cm 5.4pt 0cm 5.4pt\">\n  <p class=\"MsoNormal\" align=\"center\" style=\"text-align:center\"><b style=\"mso-bidi-font-weight:normal\"><span lang=\"EN-US\">varchar<o:p></o:p></span></b></p>\n  </td>\n </tr>\n <tr style=\"mso-yfti-irow:2\">\n  <td width=\"94\" valign=\"top\" style=\"width:70.65pt;border:solid windowtext 1.0pt;\n  border-top:none;mso-border-top-alt:solid windowtext .5pt;mso-border-alt:solid windowtext .5pt;\n  padding:0cm 5.4pt 0cm 5.4pt\">\n  <p class=\"MsoNormal\" align=\"center\" style=\"text-align:center\"><span lang=\"EN-US\">201215121<o:p></o:p></span></p>\n  </td>\n  <td width=\"94\" valign=\"top\" style=\"width:70.85pt;border-top:none;border-left:\n  none;border-bottom:solid windowtext 1.0pt;border-right:solid windowtext 1.0pt;\n  mso-border-top-alt:solid windowtext .5pt;mso-border-left-alt:solid windowtext .5pt;\n  mso-border-alt:solid windowtext .5pt;padding:0cm 5.4pt 0cm 5.4pt\">\n  <p class=\"MsoNormal\" align=\"center\" style=\"text-align:center\">李勇<span lang=\"EN-US\"><o:p></o:p></span></p>\n  </td>\n  <td width=\"85\" valign=\"top\" style=\"width:63.8pt;border-top:none;border-left:none;\n  border-bottom:solid windowtext 1.0pt;border-right:solid windowtext 1.0pt;\n  mso-border-top-alt:solid windowtext .5pt;mso-border-left-alt:solid windowtext .5pt;\n  mso-border-alt:solid windowtext .5pt;padding:0cm 5.4pt 0cm 5.4pt\">\n  <p class=\"MsoNormal\" align=\"center\" style=\"text-align:center\">男<span lang=\"EN-US\"><o:p></o:p></span></p>\n  </td>\n  <td width=\"85\" valign=\"top\" style=\"width:63.8pt;border-top:none;border-left:none;\n  border-bottom:solid windowtext 1.0pt;border-right:solid windowtext 1.0pt;\n  mso-border-top-alt:solid windowtext .5pt;mso-border-left-alt:solid windowtext .5pt;\n  mso-border-alt:solid windowtext .5pt;padding:0cm 5.4pt 0cm 5.4pt\">\n  <p class=\"MsoNormal\" align=\"center\" style=\"text-align:center\"><span lang=\"EN-US\">20<o:p></o:p></span></p>\n  </td>\n  <td width=\"104\" valign=\"top\" style=\"width:77.95pt;border-top:none;border-left:\n  none;border-bottom:solid windowtext 1.0pt;border-right:solid windowtext 1.0pt;\n  mso-border-top-alt:solid windowtext .5pt;mso-border-left-alt:solid windowtext .5pt;\n  mso-border-alt:solid windowtext .5pt;padding:0cm 5.4pt 0cm 5.4pt\">\n  <p class=\"MsoNormal\" align=\"center\" style=\"text-align:center\"><span lang=\"EN-US\">CS<o:p></o:p></span></p>\n  </td>\n </tr>\n <tr style=\"mso-yfti-irow:3\">\n  <td width=\"94\" valign=\"top\" style=\"width:70.65pt;border:solid windowtext 1.0pt;\n  border-top:none;mso-border-top-alt:solid windowtext .5pt;mso-border-alt:solid windowtext .5pt;\n  padding:0cm 5.4pt 0cm 5.4pt\">\n  <p class=\"MsoNormal\" align=\"center\" style=\"text-align:center\"><span lang=\"EN-US\">201215122<o:p></o:p></span></p>\n  </td>\n  <td width=\"94\" valign=\"top\" style=\"width:70.85pt;border-top:none;border-left:\n  none;border-bottom:solid windowtext 1.0pt;border-right:solid windowtext 1.0pt;\n  mso-border-top-alt:solid windowtext .5pt;mso-border-left-alt:solid windowtext .5pt;\n  mso-border-alt:solid windowtext .5pt;padding:0cm 5.4pt 0cm 5.4pt\">\n  <p class=\"MsoNormal\" align=\"center\" style=\"text-align:center\">刘晨<span lang=\"EN-US\"><o:p></o:p></span></p>\n  </td>\n  <td width=\"85\" valign=\"top\" style=\"width:63.8pt;border-top:none;border-left:none;\n  border-bottom:solid windowtext 1.0pt;border-right:solid windowtext 1.0pt;\n  mso-border-top-alt:solid windowtext .5pt;mso-border-left-alt:solid windowtext .5pt;\n  mso-border-alt:solid windowtext .5pt;padding:0cm 5.4pt 0cm 5.4pt\">\n  <p class=\"MsoNormal\" align=\"center\" style=\"text-align:center\">女<span lang=\"EN-US\"><o:p></o:p></span></p>\n  </td>\n  <td width=\"85\" valign=\"top\" style=\"width:63.8pt;border-top:none;border-left:none;\n  border-bottom:solid windowtext 1.0pt;border-right:solid windowtext 1.0pt;\n  mso-border-top-alt:solid windowtext .5pt;mso-border-left-alt:solid windowtext .5pt;\n  mso-border-alt:solid windowtext .5pt;padding:0cm 5.4pt 0cm 5.4pt\">\n  <p class=\"MsoNormal\" align=\"center\" style=\"text-align:center\"><span lang=\"EN-US\">19<o:p></o:p></span></p>\n  </td>\n  <td width=\"104\" valign=\"top\" style=\"width:77.95pt;border-top:none;border-left:\n  none;border-bottom:solid windowtext 1.0pt;border-right:solid windowtext 1.0pt;\n  mso-border-top-alt:solid windowtext .5pt;mso-border-left-alt:solid windowtext .5pt;\n  mso-border-alt:solid windowtext .5pt;padding:0cm 5.4pt 0cm 5.4pt\">\n  <p class=\"MsoNormal\" align=\"center\" style=\"text-align:center\"><span lang=\"EN-US\">CS<o:p></o:p></span></p>\n  </td>\n </tr>\n <tr style=\"mso-yfti-irow:4\">\n  <td width=\"94\" valign=\"top\" style=\"width:70.65pt;border:solid windowtext 1.0pt;\n  border-top:none;mso-border-top-alt:solid windowtext .5pt;mso-border-alt:solid windowtext .5pt;\n  padding:0cm 5.4pt 0cm 5.4pt\">\n  <p class=\"MsoNormal\" align=\"center\" style=\"text-align:center\"><span lang=\"EN-US\">201215123<o:p></o:p></span></p>\n  </td>\n  <td width=\"94\" valign=\"top\" style=\"width:70.85pt;border-top:none;border-left:\n  none;border-bottom:solid windowtext 1.0pt;border-right:solid windowtext 1.0pt;\n  mso-border-top-alt:solid windowtext .5pt;mso-border-left-alt:solid windowtext .5pt;\n  mso-border-alt:solid windowtext .5pt;padding:0cm 5.4pt 0cm 5.4pt\">\n  <p class=\"MsoNormal\" align=\"center\" style=\"text-align:center\">王敏<span lang=\"EN-US\"><o:p></o:p></span></p>\n  </td>\n  <td width=\"85\" valign=\"top\" style=\"width:63.8pt;border-top:none;border-left:none;\n  border-bottom:solid windowtext 1.0pt;border-right:solid windowtext 1.0pt;\n  mso-border-top-alt:solid windowtext .5pt;mso-border-left-alt:solid windowtext .5pt;\n  mso-border-alt:solid windowtext .5pt;padding:0cm 5.4pt 0cm 5.4pt\">\n  <p class=\"MsoNormal\" align=\"center\" style=\"text-align:center\">女<span lang=\"EN-US\"><o:p></o:p></span></p>\n  </td>\n  <td width=\"85\" valign=\"top\" style=\"width:63.8pt;border-top:none;border-left:none;\n  border-bottom:solid windowtext 1.0pt;border-right:solid windowtext 1.0pt;\n  mso-border-top-alt:solid windowtext .5pt;mso-border-left-alt:solid windowtext .5pt;\n  mso-border-alt:solid windowtext .5pt;padding:0cm 5.4pt 0cm 5.4pt\">\n  <p class=\"MsoNormal\" align=\"center\" style=\"text-align:center\"><span lang=\"EN-US\">18<o:p></o:p></span></p>\n  </td>\n  <td width=\"104\" valign=\"top\" style=\"width:77.95pt;border-top:none;border-left:\n  none;border-bottom:solid windowtext 1.0pt;border-right:solid windowtext 1.0pt;\n  mso-border-top-alt:solid windowtext .5pt;mso-border-left-alt:solid windowtext .5pt;\n  mso-border-alt:solid windowtext .5pt;padding:0cm 5.4pt 0cm 5.4pt\">\n  <p class=\"MsoNormal\" align=\"center\" style=\"text-align:center\"><span lang=\"EN-US\">MA<o:p></o:p></span></p>\n  </td>\n </tr>\n <tr style=\"mso-yfti-irow:5\">\n  <td width=\"94\" valign=\"top\" style=\"width:70.65pt;border:solid windowtext 1.0pt;\n  border-top:none;mso-border-top-alt:solid windowtext .5pt;mso-border-alt:solid windowtext .5pt;\n  padding:0cm 5.4pt 0cm 5.4pt\">\n  <p class=\"MsoNormal\" align=\"center\" style=\"text-align:center\"><span lang=\"EN-US\">201215125<o:p></o:p></span></p>\n  </td>\n  <td width=\"94\" valign=\"top\" style=\"width:70.85pt;border-top:none;border-left:\n  none;border-bottom:solid windowtext 1.0pt;border-right:solid windowtext 1.0pt;\n  mso-border-top-alt:solid windowtext .5pt;mso-border-left-alt:solid windowtext .5pt;\n  mso-border-alt:solid windowtext .5pt;padding:0cm 5.4pt 0cm 5.4pt\">\n  <p class=\"MsoNormal\" align=\"center\" style=\"text-align:center\">张立<span lang=\"EN-US\"><o:p></o:p></span></p>\n  </td>\n  <td width=\"85\" valign=\"top\" style=\"width:63.8pt;border-top:none;border-left:none;\n  border-bottom:solid windowtext 1.0pt;border-right:solid windowtext 1.0pt;\n  mso-border-top-alt:solid windowtext .5pt;mso-border-left-alt:solid windowtext .5pt;\n  mso-border-alt:solid windowtext .5pt;padding:0cm 5.4pt 0cm 5.4pt\">\n  <p class=\"MsoNormal\" align=\"center\" style=\"text-align:center\">男<span lang=\"EN-US\"><o:p></o:p></span></p>\n  </td>\n  <td width=\"85\" valign=\"top\" style=\"width:63.8pt;border-top:none;border-left:none;\n  border-bottom:solid windowtext 1.0pt;border-right:solid windowtext 1.0pt;\n  mso-border-top-alt:solid windowtext .5pt;mso-border-left-alt:solid windowtext .5pt;\n  mso-border-alt:solid windowtext .5pt;padding:0cm 5.4pt 0cm 5.4pt\">\n  <p class=\"MsoNormal\" align=\"center\" style=\"text-align:center\"><span lang=\"EN-US\">19<o:p></o:p></span></p>\n  </td>\n  <td width=\"104\" valign=\"top\" style=\"width:77.95pt;border-top:none;border-left:\n  none;border-bottom:solid windowtext 1.0pt;border-right:solid windowtext 1.0pt;\n  mso-border-top-alt:solid windowtext .5pt;mso-border-left-alt:solid windowtext .5pt;\n  mso-border-alt:solid windowtext .5pt;padding:0cm 5.4pt 0cm 5.4pt\">\n  <p class=\"MsoNormal\" align=\"center\" style=\"text-align:center\"><span lang=\"EN-US\">IS<o:p></o:p></span></p>\n  </td>\n </tr>\n <tr style=\"mso-yfti-irow:6\">\n  <td width=\"94\" valign=\"top\" style=\"width:70.65pt;border:solid windowtext 1.0pt;\n  border-top:none;mso-border-top-alt:solid windowtext .5pt;mso-border-alt:solid windowtext .5pt;\n  padding:0cm 5.4pt 0cm 5.4pt\">\n  <p class=\"MsoNormal\" align=\"center\" style=\"text-align:center\"><span lang=\"EN-US\">201215133<o:p></o:p></span></p>\n  </td>\n  <td width=\"94\" valign=\"top\" style=\"width:70.85pt;border-top:none;border-left:\n  none;border-bottom:solid windowtext 1.0pt;border-right:solid windowtext 1.0pt;\n  mso-border-top-alt:solid windowtext .5pt;mso-border-left-alt:solid windowtext .5pt;\n  mso-border-alt:solid windowtext .5pt;padding:0cm 5.4pt 0cm 5.4pt\">\n  <p class=\"MsoNormal\" align=\"center\" style=\"text-align:center\">张三<span lang=\"EN-US\"><o:p></o:p></span></p>\n  </td>\n  <td width=\"85\" valign=\"top\" style=\"width:63.8pt;border-top:none;border-left:none;\n  border-bottom:solid windowtext 1.0pt;border-right:solid windowtext 1.0pt;\n  mso-border-top-alt:solid windowtext .5pt;mso-border-left-alt:solid windowtext .5pt;\n  mso-border-alt:solid windowtext .5pt;padding:0cm 5.4pt 0cm 5.4pt\">\n  <p class=\"MsoNormal\" align=\"center\" style=\"text-align:center\">男<span lang=\"EN-US\"><o:p></o:p></span></p>\n  </td>\n  <td width=\"85\" valign=\"top\" style=\"width:63.8pt;border-top:none;border-left:none;\n  border-bottom:solid windowtext 1.0pt;border-right:solid windowtext 1.0pt;\n  mso-border-top-alt:solid windowtext .5pt;mso-border-left-alt:solid windowtext .5pt;\n  mso-border-alt:solid windowtext .5pt;padding:0cm 5.4pt 0cm 5.4pt\">\n  <p class=\"MsoNormal\" align=\"center\" style=\"text-align:center\"><span lang=\"EN-US\">21<o:p></o:p></span></p>\n  </td>\n  <td width=\"104\" valign=\"top\" style=\"width:77.95pt;border-top:none;border-left:\n  none;border-bottom:solid windowtext 1.0pt;border-right:solid windowtext 1.0pt;\n  mso-border-top-alt:solid windowtext .5pt;mso-border-left-alt:solid windowtext .5pt;\n  mso-border-alt:solid windowtext .5pt;padding:0cm 5.4pt 0cm 5.4pt\">\n  <p class=\"MsoNormal\" align=\"center\" style=\"text-align:center\"><span lang=\"EN-US\">TE<o:p></o:p></span></p>\n  </td>\n </tr>\n <tr style=\"mso-yfti-irow:7;mso-yfti-lastrow:yes\">\n  <td width=\"94\" valign=\"top\" style=\"width:70.65pt;border:solid windowtext 1.0pt;\n  border-top:none;mso-border-top-alt:solid windowtext .5pt;mso-border-alt:solid windowtext .5pt;\n  padding:0cm 5.4pt 0cm 5.4pt\">\n  <p class=\"MsoNormal\" align=\"center\" style=\"text-align:center\"><b style=\"mso-bidi-font-weight:normal\"><span lang=\"EN-US\">…<o:p></o:p></span></b></p>\n  </td>\n  <td width=\"94\" valign=\"top\" style=\"width:70.85pt;border-top:none;border-left:\n  none;border-bottom:solid windowtext 1.0pt;border-right:solid windowtext 1.0pt;\n  mso-border-top-alt:solid windowtext .5pt;mso-border-left-alt:solid windowtext .5pt;\n  mso-border-alt:solid windowtext .5pt;padding:0cm 5.4pt 0cm 5.4pt\">\n  <p class=\"MsoNormal\" align=\"center\" style=\"text-align:center\"><b style=\"mso-bidi-font-weight:normal\"><span lang=\"EN-US\">…<o:p></o:p></span></b></p>\n  </td>\n  <td width=\"85\" valign=\"top\" style=\"width:63.8pt;border-top:none;border-left:none;\n  border-bottom:solid windowtext 1.0pt;border-right:solid windowtext 1.0pt;\n  mso-border-top-alt:solid windowtext .5pt;mso-border-left-alt:solid windowtext .5pt;\n  mso-border-alt:solid windowtext .5pt;padding:0cm 5.4pt 0cm 5.4pt\">\n  <p class=\"MsoNormal\" align=\"center\" style=\"text-align:center\"><b style=\"mso-bidi-font-weight:normal\"><span lang=\"EN-US\">…<o:p></o:p></span></b></p>\n  </td>\n  <td width=\"85\" valign=\"top\" style=\"width:63.8pt;border-top:none;border-left:none;\n  border-bottom:solid windowtext 1.0pt;border-right:solid windowtext 1.0pt;\n  mso-border-top-alt:solid windowtext .5pt;mso-border-left-alt:solid windowtext .5pt;\n  mso-border-alt:solid windowtext .5pt;padding:0cm 5.4pt 0cm 5.4pt\">\n  <p class=\"MsoNormal\" align=\"center\" style=\"text-align:center\"><b style=\"mso-bidi-font-weight:normal\"><span lang=\"EN-US\">…<o:p></o:p></span></b></p>\n  </td>\n  <td width=\"104\" valign=\"top\" style=\"width:77.95pt;border-top:none;border-left:\n  none;border-bottom:solid windowtext 1.0pt;border-right:solid windowtext 1.0pt;\n  mso-border-top-alt:solid windowtext .5pt;mso-border-left-alt:solid windowtext .5pt;\n  mso-border-alt:solid windowtext .5pt;padding:0cm 5.4pt 0cm 5.4pt\">\n  <p class=\"MsoNormal\" align=\"center\" style=\"text-align:center\"><b style=\"mso-bidi-font-weight:normal\"><span lang=\"EN-US\">…<o:p></o:p></span></b></p>\n  </td>\n </tr>\n</tbody></table>\n\n<p class=\"MsoNormal\" align=\"center\" style=\"text-align:center\"><span lang=\"EN-US\"><o:p>&nbsp;</o:p></span></p>\n\n<p class=\"MsoNormal\"><b style=\"mso-bidi-font-weight:normal\"><span lang=\"EN-US\">Course</span></b>表<span lang=\"EN-US\">(</span>课程表<span lang=\"EN-US\">)<o:p></o:p></span></p>\n\n<table class=\"MsoTableGrid\" border=\"1\" cellspacing=\"0\" cellpadding=\"0\" style=\"border-collapse:collapse;border:none;mso-border-alt:solid windowtext .5pt;\n mso-yfti-tbllook:1184;mso-padding-alt:0cm 5.4pt 0cm 5.4pt\">\n <tbody><tr style=\"mso-yfti-irow:0;mso-yfti-firstrow:yes\">\n  <td width=\"94\" valign=\"top\" style=\"width:70.65pt;border:solid windowtext 1.0pt;\n  mso-border-alt:solid windowtext .5pt;padding:0cm 5.4pt 0cm 5.4pt\">\n  <p class=\"MsoNormal\" align=\"center\" style=\"text-align:center\">课程号 <b style=\"mso-bidi-font-weight:normal\"><span lang=\"EN-US\">Cno</span></b><span lang=\"EN-US\"><o:p></o:p></span></p>\n  </td>\n  <td width=\"113\" valign=\"top\" style=\"width:3.0cm;border:solid windowtext 1.0pt;\n  border-left:none;mso-border-left-alt:solid windowtext .5pt;mso-border-alt:\n  solid windowtext .5pt;padding:0cm 5.4pt 0cm 5.4pt\">\n  <p class=\"MsoNormal\" align=\"center\" style=\"text-align:center\">课程名 <b style=\"mso-bidi-font-weight:normal\"><span lang=\"EN-US\">Cname</span></b><span lang=\"EN-US\"><o:p></o:p></span></p>\n  </td>\n  <td width=\"104\" valign=\"top\" style=\"width:77.95pt;border:solid windowtext 1.0pt;\n  border-left:none;mso-border-left-alt:solid windowtext .5pt;mso-border-alt:\n  solid windowtext .5pt;padding:0cm 5.4pt 0cm 5.4pt\">\n  <p class=\"MsoNormal\" align=\"center\" style=\"text-align:center\">先行课 <b style=\"mso-bidi-font-weight:normal\"><span lang=\"EN-US\">Cpno</span></b><span lang=\"EN-US\"><o:p></o:p></span></p>\n  </td>\n  <td width=\"95\" valign=\"top\" style=\"width:70.9pt;border:solid windowtext 1.0pt;\n  border-left:none;mso-border-left-alt:solid windowtext .5pt;mso-border-alt:\n  solid windowtext .5pt;padding:0cm 5.4pt 0cm 5.4pt\">\n  <p class=\"MsoNormal\" align=\"center\" style=\"text-align:center\">学分 <b style=\"mso-bidi-font-weight:normal\"><span lang=\"EN-US\">Ccredit</span></b><span lang=\"EN-US\"><o:p></o:p></span></p>\n  </td>\n </tr>\n <tr style=\"mso-yfti-irow:1\">\n  <td width=\"94\" valign=\"top\" style=\"width:70.65pt;border:solid windowtext 1.0pt;\n  border-top:none;mso-border-top-alt:solid windowtext .5pt;mso-border-alt:solid windowtext .5pt;\n  padding:0cm 5.4pt 0cm 5.4pt\">\n  <p class=\"MsoNormal\" align=\"center\" style=\"text-align:center\"><b style=\"mso-bidi-font-weight:normal\"><span lang=\"EN-US\">int<o:p></o:p></span></b></p>\n  </td>\n  <td width=\"113\" valign=\"top\" style=\"width:3.0cm;border-top:none;border-left:none;\n  border-bottom:solid windowtext 1.0pt;border-right:solid windowtext 1.0pt;\n  mso-border-top-alt:solid windowtext .5pt;mso-border-left-alt:solid windowtext .5pt;\n  mso-border-alt:solid windowtext .5pt;padding:0cm 5.4pt 0cm 5.4pt\">\n  <p class=\"MsoNormal\" align=\"center\" style=\"text-align:center\"><b style=\"mso-bidi-font-weight:normal\"><span lang=\"EN-US\">varchar<o:p></o:p></span></b></p>\n  </td>\n  <td width=\"104\" valign=\"top\" style=\"width:77.95pt;border-top:none;border-left:\n  none;border-bottom:solid windowtext 1.0pt;border-right:solid windowtext 1.0pt;\n  mso-border-top-alt:solid windowtext .5pt;mso-border-left-alt:solid windowtext .5pt;\n  mso-border-alt:solid windowtext .5pt;padding:0cm 5.4pt 0cm 5.4pt\">\n  <p class=\"MsoNormal\" align=\"center\" style=\"text-align:center\"><b style=\"mso-bidi-font-weight:normal\"><span lang=\"EN-US\">int<o:p></o:p></span></b></p>\n  </td>\n  <td width=\"95\" valign=\"top\" style=\"width:70.9pt;border-top:none;border-left:none;\n  border-bottom:solid windowtext 1.0pt;border-right:solid windowtext 1.0pt;\n  mso-border-top-alt:solid windowtext .5pt;mso-border-left-alt:solid windowtext .5pt;\n  mso-border-alt:solid windowtext .5pt;padding:0cm 5.4pt 0cm 5.4pt\">\n  <p class=\"MsoNormal\" align=\"center\" style=\"text-align:center\"><b style=\"mso-bidi-font-weight:normal\"><span lang=\"EN-US\">tinyint<o:p></o:p></span></b></p>\n  </td>\n </tr>\n <tr style=\"mso-yfti-irow:2\">\n  <td width=\"94\" valign=\"top\" style=\"width:70.65pt;border:solid windowtext 1.0pt;\n  border-top:none;mso-border-top-alt:solid windowtext .5pt;mso-border-alt:solid windowtext .5pt;\n  padding:0cm 5.4pt 0cm 5.4pt\">\n  <p class=\"MsoNormal\" align=\"center\" style=\"text-align:center\"><span lang=\"EN-US\">1<o:p></o:p></span></p>\n  </td>\n  <td width=\"113\" valign=\"top\" style=\"width:3.0cm;border-top:none;border-left:none;\n  border-bottom:solid windowtext 1.0pt;border-right:solid windowtext 1.0pt;\n  mso-border-top-alt:solid windowtext .5pt;mso-border-left-alt:solid windowtext .5pt;\n  mso-border-alt:solid windowtext .5pt;padding:0cm 5.4pt 0cm 5.4pt\">\n  <p class=\"MsoNormal\" align=\"center\" style=\"text-align:center\">数据库<span lang=\"EN-US\"><o:p></o:p></span></p>\n  </td>\n  <td width=\"104\" valign=\"top\" style=\"width:77.95pt;border-top:none;border-left:\n  none;border-bottom:solid windowtext 1.0pt;border-right:solid windowtext 1.0pt;\n  mso-border-top-alt:solid windowtext .5pt;mso-border-left-alt:solid windowtext .5pt;\n  mso-border-alt:solid windowtext .5pt;padding:0cm 5.4pt 0cm 5.4pt\">\n  <p class=\"MsoNormal\" align=\"center\" style=\"text-align:center\"><span lang=\"EN-US\">5<o:p></o:p></span></p>\n  </td>\n  <td width=\"95\" valign=\"top\" style=\"width:70.9pt;border-top:none;border-left:none;\n  border-bottom:solid windowtext 1.0pt;border-right:solid windowtext 1.0pt;\n  mso-border-top-alt:solid windowtext .5pt;mso-border-left-alt:solid windowtext .5pt;\n  mso-border-alt:solid windowtext .5pt;padding:0cm 5.4pt 0cm 5.4pt\">\n  <p class=\"MsoNormal\" align=\"center\" style=\"text-align:center\"><span lang=\"EN-US\">4<o:p></o:p></span></p>\n  </td>\n </tr>\n <tr style=\"mso-yfti-irow:3\">\n  <td width=\"94\" valign=\"top\" style=\"width:70.65pt;border:solid windowtext 1.0pt;\n  border-top:none;mso-border-top-alt:solid windowtext .5pt;mso-border-alt:solid windowtext .5pt;\n  padding:0cm 5.4pt 0cm 5.4pt\">\n  <p class=\"MsoNormal\" align=\"center\" style=\"text-align:center\"><span lang=\"EN-US\">2<o:p></o:p></span></p>\n  </td>\n  <td width=\"113\" valign=\"top\" style=\"width:3.0cm;border-top:none;border-left:none;\n  border-bottom:solid windowtext 1.0pt;border-right:solid windowtext 1.0pt;\n  mso-border-top-alt:solid windowtext .5pt;mso-border-left-alt:solid windowtext .5pt;\n  mso-border-alt:solid windowtext .5pt;padding:0cm 5.4pt 0cm 5.4pt\">\n  <p class=\"MsoNormal\" align=\"center\" style=\"text-align:center\">数学<span lang=\"EN-US\"><o:p></o:p></span></p>\n  </td>\n  <td width=\"104\" valign=\"top\" style=\"width:77.95pt;border-top:none;border-left:\n  none;border-bottom:solid windowtext 1.0pt;border-right:solid windowtext 1.0pt;\n  mso-border-top-alt:solid windowtext .5pt;mso-border-left-alt:solid windowtext .5pt;\n  mso-border-alt:solid windowtext .5pt;padding:0cm 5.4pt 0cm 5.4pt\">\n  <p class=\"MsoNormal\" align=\"center\" style=\"text-align:center\"><span lang=\"EN-US\">NULL<o:p></o:p></span></p>\n  </td>\n  <td width=\"95\" valign=\"top\" style=\"width:70.9pt;border-top:none;border-left:none;\n  border-bottom:solid windowtext 1.0pt;border-right:solid windowtext 1.0pt;\n  mso-border-top-alt:solid windowtext .5pt;mso-border-left-alt:solid windowtext .5pt;\n  mso-border-alt:solid windowtext .5pt;padding:0cm 5.4pt 0cm 5.4pt\">\n  <p class=\"MsoNormal\" align=\"center\" style=\"text-align:center\"><span lang=\"EN-US\">2<o:p></o:p></span></p>\n  </td>\n </tr>\n <tr style=\"mso-yfti-irow:4\">\n  <td width=\"94\" valign=\"top\" style=\"width:70.65pt;border:solid windowtext 1.0pt;\n  border-top:none;mso-border-top-alt:solid windowtext .5pt;mso-border-alt:solid windowtext .5pt;\n  padding:0cm 5.4pt 0cm 5.4pt\">\n  <p class=\"MsoNormal\" align=\"center\" style=\"text-align:center\"><span lang=\"EN-US\">3<o:p></o:p></span></p>\n  </td>\n  <td width=\"113\" valign=\"top\" style=\"width:3.0cm;border-top:none;border-left:none;\n  border-bottom:solid windowtext 1.0pt;border-right:solid windowtext 1.0pt;\n  mso-border-top-alt:solid windowtext .5pt;mso-border-left-alt:solid windowtext .5pt;\n  mso-border-alt:solid windowtext .5pt;padding:0cm 5.4pt 0cm 5.4pt\">\n  <p class=\"MsoNormal\" align=\"center\" style=\"text-align:center\">信息系统<span lang=\"EN-US\"><o:p></o:p></span></p>\n  </td>\n  <td width=\"104\" valign=\"top\" style=\"width:77.95pt;border-top:none;border-left:\n  none;border-bottom:solid windowtext 1.0pt;border-right:solid windowtext 1.0pt;\n  mso-border-top-alt:solid windowtext .5pt;mso-border-left-alt:solid windowtext .5pt;\n  mso-border-alt:solid windowtext .5pt;padding:0cm 5.4pt 0cm 5.4pt\">\n  <p class=\"MsoNormal\" align=\"center\" style=\"text-align:center\"><span lang=\"EN-US\">1<o:p></o:p></span></p>\n  </td>\n  <td width=\"95\" valign=\"top\" style=\"width:70.9pt;border-top:none;border-left:none;\n  border-bottom:solid windowtext 1.0pt;border-right:solid windowtext 1.0pt;\n  mso-border-top-alt:solid windowtext .5pt;mso-border-left-alt:solid windowtext .5pt;\n  mso-border-alt:solid windowtext .5pt;padding:0cm 5.4pt 0cm 5.4pt\">\n  <p class=\"MsoNormal\" align=\"center\" style=\"text-align:center\"><span lang=\"EN-US\">4<o:p></o:p></span></p>\n  </td>\n </tr>\n <tr style=\"mso-yfti-irow:5\">\n  <td width=\"94\" valign=\"top\" style=\"width:70.65pt;border:solid windowtext 1.0pt;\n  border-top:none;mso-border-top-alt:solid windowtext .5pt;mso-border-alt:solid windowtext .5pt;\n  padding:0cm 5.4pt 0cm 5.4pt\">\n  <p class=\"MsoNormal\" align=\"center\" style=\"text-align:center\"><span lang=\"EN-US\">4<o:p></o:p></span></p>\n  </td>\n  <td width=\"113\" valign=\"top\" style=\"width:3.0cm;border-top:none;border-left:none;\n  border-bottom:solid windowtext 1.0pt;border-right:solid windowtext 1.0pt;\n  mso-border-top-alt:solid windowtext .5pt;mso-border-left-alt:solid windowtext .5pt;\n  mso-border-alt:solid windowtext .5pt;padding:0cm 5.4pt 0cm 5.4pt\">\n  <p class=\"MsoNormal\" align=\"center\" style=\"text-align:center\">操作系统<span lang=\"EN-US\"><o:p></o:p></span></p>\n  </td>\n  <td width=\"104\" valign=\"top\" style=\"width:77.95pt;border-top:none;border-left:\n  none;border-bottom:solid windowtext 1.0pt;border-right:solid windowtext 1.0pt;\n  mso-border-top-alt:solid windowtext .5pt;mso-border-left-alt:solid windowtext .5pt;\n  mso-border-alt:solid windowtext .5pt;padding:0cm 5.4pt 0cm 5.4pt\">\n  <p class=\"MsoNormal\" align=\"center\" style=\"text-align:center\"><span lang=\"EN-US\">6<o:p></o:p></span></p>\n  </td>\n  <td width=\"95\" valign=\"top\" style=\"width:70.9pt;border-top:none;border-left:none;\n  border-bottom:solid windowtext 1.0pt;border-right:solid windowtext 1.0pt;\n  mso-border-top-alt:solid windowtext .5pt;mso-border-left-alt:solid windowtext .5pt;\n  mso-border-alt:solid windowtext .5pt;padding:0cm 5.4pt 0cm 5.4pt\">\n  <p class=\"MsoNormal\" align=\"center\" style=\"text-align:center\"><span lang=\"EN-US\">3<o:p></o:p></span></p>\n  </td>\n </tr>\n <tr style=\"mso-yfti-irow:6\">\n  <td width=\"94\" valign=\"top\" style=\"width:70.65pt;border:solid windowtext 1.0pt;\n  border-top:none;mso-border-top-alt:solid windowtext .5pt;mso-border-alt:solid windowtext .5pt;\n  padding:0cm 5.4pt 0cm 5.4pt\">\n  <p class=\"MsoNormal\" align=\"center\" style=\"text-align:center\"><span lang=\"EN-US\">5<o:p></o:p></span></p>\n  </td>\n  <td width=\"113\" valign=\"top\" style=\"width:3.0cm;border-top:none;border-left:none;\n  border-bottom:solid windowtext 1.0pt;border-right:solid windowtext 1.0pt;\n  mso-border-top-alt:solid windowtext .5pt;mso-border-left-alt:solid windowtext .5pt;\n  mso-border-alt:solid windowtext .5pt;padding:0cm 5.4pt 0cm 5.4pt\">\n  <p class=\"MsoNormal\" align=\"center\" style=\"text-align:center\">数据结构<span lang=\"EN-US\"><o:p></o:p></span></p>\n  </td>\n  <td width=\"104\" valign=\"top\" style=\"width:77.95pt;border-top:none;border-left:\n  none;border-bottom:solid windowtext 1.0pt;border-right:solid windowtext 1.0pt;\n  mso-border-top-alt:solid windowtext .5pt;mso-border-left-alt:solid windowtext .5pt;\n  mso-border-alt:solid windowtext .5pt;padding:0cm 5.4pt 0cm 5.4pt\">\n  <p class=\"MsoNormal\" align=\"center\" style=\"text-align:center\"><span lang=\"EN-US\">7<o:p></o:p></span></p>\n  </td>\n  <td width=\"95\" valign=\"top\" style=\"width:70.9pt;border-top:none;border-left:none;\n  border-bottom:solid windowtext 1.0pt;border-right:solid windowtext 1.0pt;\n  mso-border-top-alt:solid windowtext .5pt;mso-border-left-alt:solid windowtext .5pt;\n  mso-border-alt:solid windowtext .5pt;padding:0cm 5.4pt 0cm 5.4pt\">\n  <p class=\"MsoNormal\" align=\"center\" style=\"text-align:center\"><span lang=\"EN-US\">4<o:p></o:p></span></p>\n  </td>\n </tr>\n <tr style=\"mso-yfti-irow:7\">\n  <td width=\"94\" valign=\"top\" style=\"width:70.65pt;border:solid windowtext 1.0pt;\n  border-top:none;mso-border-top-alt:solid windowtext .5pt;mso-border-alt:solid windowtext .5pt;\n  padding:0cm 5.4pt 0cm 5.4pt\">\n  <p class=\"MsoNormal\" align=\"center\" style=\"text-align:center\"><span lang=\"EN-US\">6<o:p></o:p></span></p>\n  </td>\n  <td width=\"113\" valign=\"top\" style=\"width:3.0cm;border-top:none;border-left:none;\n  border-bottom:solid windowtext 1.0pt;border-right:solid windowtext 1.0pt;\n  mso-border-top-alt:solid windowtext .5pt;mso-border-left-alt:solid windowtext .5pt;\n  mso-border-alt:solid windowtext .5pt;padding:0cm 5.4pt 0cm 5.4pt\">\n  <p class=\"MsoNormal\" align=\"center\" style=\"text-align:center\">数据处理<span lang=\"EN-US\"><o:p></o:p></span></p>\n  </td>\n  <td width=\"104\" valign=\"top\" style=\"width:77.95pt;border-top:none;border-left:\n  none;border-bottom:solid windowtext 1.0pt;border-right:solid windowtext 1.0pt;\n  mso-border-top-alt:solid windowtext .5pt;mso-border-left-alt:solid windowtext .5pt;\n  mso-border-alt:solid windowtext .5pt;padding:0cm 5.4pt 0cm 5.4pt\">\n  <p class=\"MsoNormal\" align=\"center\" style=\"text-align:center\"><span lang=\"EN-US\">NULL<o:p></o:p></span></p>\n  </td>\n  <td width=\"95\" valign=\"top\" style=\"width:70.9pt;border-top:none;border-left:none;\n  border-bottom:solid windowtext 1.0pt;border-right:solid windowtext 1.0pt;\n  mso-border-top-alt:solid windowtext .5pt;mso-border-left-alt:solid windowtext .5pt;\n  mso-border-alt:solid windowtext .5pt;padding:0cm 5.4pt 0cm 5.4pt\">\n  <p class=\"MsoNormal\" align=\"center\" style=\"text-align:center\"><span lang=\"EN-US\">2<o:p></o:p></span></p>\n  </td>\n </tr>\n <tr style=\"mso-yfti-irow:8;mso-yfti-lastrow:yes\">\n  <td width=\"94\" valign=\"top\" style=\"width:70.65pt;border:solid windowtext 1.0pt;\n  border-top:none;mso-border-top-alt:solid windowtext .5pt;mso-border-alt:solid windowtext .5pt;\n  padding:0cm 5.4pt 0cm 5.4pt\">\n  <p class=\"MsoNormal\" align=\"center\" style=\"text-align:center\"><span lang=\"EN-US\">7<o:p></o:p></span></p>\n  </td>\n  <td width=\"113\" valign=\"top\" style=\"width:3.0cm;border-top:none;border-left:none;\n  border-bottom:solid windowtext 1.0pt;border-right:solid windowtext 1.0pt;\n  mso-border-top-alt:solid windowtext .5pt;mso-border-left-alt:solid windowtext .5pt;\n  mso-border-alt:solid windowtext .5pt;padding:0cm 5.4pt 0cm 5.4pt\">\n  <p class=\"MsoNormal\" align=\"center\" style=\"text-align:center\"><span lang=\"EN-US\">PASCAL</span>语言<span lang=\"EN-US\"><o:p></o:p></span></p>\n  </td>\n  <td width=\"104\" valign=\"top\" style=\"width:77.95pt;border-top:none;border-left:\n  none;border-bottom:solid windowtext 1.0pt;border-right:solid windowtext 1.0pt;\n  mso-border-top-alt:solid windowtext .5pt;mso-border-left-alt:solid windowtext .5pt;\n  mso-border-alt:solid windowtext .5pt;padding:0cm 5.4pt 0cm 5.4pt\">\n  <p class=\"MsoNormal\" align=\"center\" style=\"text-align:center\"><span lang=\"EN-US\">6<o:p></o:p></span></p>\n  </td>\n  <td width=\"95\" valign=\"top\" style=\"width:70.9pt;border-top:none;border-left:none;\n  border-bottom:solid windowtext 1.0pt;border-right:solid windowtext 1.0pt;\n  mso-border-top-alt:solid windowtext .5pt;mso-border-left-alt:solid windowtext .5pt;\n  mso-border-alt:solid windowtext .5pt;padding:0cm 5.4pt 0cm 5.4pt\">\n  <p class=\"MsoNormal\" align=\"center\" style=\"text-align:center\"><span lang=\"EN-US\">4<o:p></o:p></span></p>\n  </td>\n </tr>\n</tbody></table>\n\n<p class=\"MsoNormal\" align=\"center\" style=\"text-align:center\"><span lang=\"EN-US\"><o:p>&nbsp;</o:p></span></p>\n\n<p class=\"MsoNormal\"><b style=\"mso-bidi-font-weight:normal\"><span lang=\"EN-US\">SC</span></b>表<span lang=\"EN-US\">(</span>选课表<span lang=\"EN-US\">)<o:p></o:p></span></p>\n\n<table class=\"MsoTableGrid\" border=\"1\" cellspacing=\"0\" cellpadding=\"0\" style=\"border-collapse:collapse;border:none;mso-border-alt:solid windowtext .5pt;\n mso-yfti-tbllook:1184;mso-padding-alt:0cm 5.4pt 0cm 5.4pt\">\n <tbody><tr style=\"mso-yfti-irow:0;mso-yfti-firstrow:yes\">\n  <td width=\"94\" valign=\"top\" style=\"width:70.65pt;border:solid windowtext 1.0pt;\n  mso-border-alt:solid windowtext .5pt;padding:0cm 5.4pt 0cm 5.4pt\">\n  <p class=\"MsoNormal\" align=\"center\" style=\"text-align:center\">学号 <b style=\"mso-bidi-font-weight:normal\"><span lang=\"EN-US\">Sno</span></b><span lang=\"EN-US\"><o:p></o:p></span></p>\n  </td>\n  <td width=\"113\" valign=\"top\" style=\"width:3.0cm;border:solid windowtext 1.0pt;\n  border-left:none;mso-border-left-alt:solid windowtext .5pt;mso-border-alt:\n  solid windowtext .5pt;padding:0cm 5.4pt 0cm 5.4pt\">\n  <p class=\"MsoNormal\" align=\"center\" style=\"text-align:center\">课程号 <b style=\"mso-bidi-font-weight:normal\"><span lang=\"EN-US\">Cno</span></b><span lang=\"EN-US\"><o:p></o:p></span></p>\n  </td>\n  <td width=\"104\" valign=\"top\" style=\"width:77.95pt;border:solid windowtext 1.0pt;\n  border-left:none;mso-border-left-alt:solid windowtext .5pt;mso-border-alt:\n  solid windowtext .5pt;padding:0cm 5.4pt 0cm 5.4pt\">\n  <p class=\"MsoNormal\" align=\"center\" style=\"text-align:center\">成绩 <b style=\"mso-bidi-font-weight:normal\"><span lang=\"EN-US\">Grade</span></b><span lang=\"EN-US\"><o:p></o:p></span></p>\n  </td>\n </tr>\n <tr style=\"mso-yfti-irow:1\">\n  <td width=\"94\" valign=\"top\" style=\"width:70.65pt;border:solid windowtext 1.0pt;\n  border-top:none;mso-border-top-alt:solid windowtext .5pt;mso-border-alt:solid windowtext .5pt;\n  padding:0cm 5.4pt 0cm 5.4pt\">\n  <p class=\"MsoNormal\" align=\"center\" style=\"text-align:center\"><b style=\"mso-bidi-font-weight:normal\"><span lang=\"EN-US\">int<o:p></o:p></span></b></p>\n  </td>\n  <td width=\"113\" valign=\"top\" style=\"width:3.0cm;border-top:none;border-left:none;\n  border-bottom:solid windowtext 1.0pt;border-right:solid windowtext 1.0pt;\n  mso-border-top-alt:solid windowtext .5pt;mso-border-left-alt:solid windowtext .5pt;\n  mso-border-alt:solid windowtext .5pt;padding:0cm 5.4pt 0cm 5.4pt\">\n  <p class=\"MsoNormal\" align=\"center\" style=\"text-align:center\"><b style=\"mso-bidi-font-weight:normal\"><span lang=\"EN-US\">int<o:p></o:p></span></b></p>\n  </td>\n  <td width=\"104\" valign=\"top\" style=\"width:77.95pt;border-top:none;border-left:\n  none;border-bottom:solid windowtext 1.0pt;border-right:solid windowtext 1.0pt;\n  mso-border-top-alt:solid windowtext .5pt;mso-border-left-alt:solid windowtext .5pt;\n  mso-border-alt:solid windowtext .5pt;padding:0cm 5.4pt 0cm 5.4pt\">\n  <p class=\"MsoNormal\" align=\"center\" style=\"text-align:center\"><b style=\"mso-bidi-font-weight:normal\"><span lang=\"EN-US\">smallint<o:p></o:p></span></b></p>\n  </td>\n </tr>\n <tr style=\"mso-yfti-irow:2\">\n  <td width=\"94\" valign=\"top\" style=\"width:70.65pt;border:solid windowtext 1.0pt;\n  border-top:none;mso-border-top-alt:solid windowtext .5pt;mso-border-alt:solid windowtext .5pt;\n  padding:0cm 5.4pt 0cm 5.4pt\">\n  <p class=\"MsoNormal\" align=\"center\" style=\"text-align:center\"><span lang=\"EN-US\">201215121<o:p></o:p></span></p>\n  </td>\n  <td width=\"113\" valign=\"top\" style=\"width:3.0cm;border-top:none;border-left:none;\n  border-bottom:solid windowtext 1.0pt;border-right:solid windowtext 1.0pt;\n  mso-border-top-alt:solid windowtext .5pt;mso-border-left-alt:solid windowtext .5pt;\n  mso-border-alt:solid windowtext .5pt;padding:0cm 5.4pt 0cm 5.4pt\">\n  <p class=\"MsoNormal\" align=\"center\" style=\"text-align:center\"><span lang=\"EN-US\">1<o:p></o:p></span></p>\n  </td>\n  <td width=\"104\" valign=\"top\" style=\"width:77.95pt;border-top:none;border-left:\n  none;border-bottom:solid windowtext 1.0pt;border-right:solid windowtext 1.0pt;\n  mso-border-top-alt:solid windowtext .5pt;mso-border-left-alt:solid windowtext .5pt;\n  mso-border-alt:solid windowtext .5pt;padding:0cm 5.4pt 0cm 5.4pt\">\n  <p class=\"MsoNormal\" align=\"center\" style=\"text-align:center\"><span lang=\"EN-US\">92<o:p></o:p></span></p>\n  </td>\n </tr>\n <tr style=\"mso-yfti-irow:3\">\n  <td width=\"94\" valign=\"top\" style=\"width:70.65pt;border:solid windowtext 1.0pt;\n  border-top:none;mso-border-top-alt:solid windowtext .5pt;mso-border-alt:solid windowtext .5pt;\n  padding:0cm 5.4pt 0cm 5.4pt\">\n  <p class=\"MsoNormal\" align=\"center\" style=\"text-align:center\"><span lang=\"EN-US\">201215121<o:p></o:p></span></p>\n  </td>\n  <td width=\"113\" valign=\"top\" style=\"width:3.0cm;border-top:none;border-left:none;\n  border-bottom:solid windowtext 1.0pt;border-right:solid windowtext 1.0pt;\n  mso-border-top-alt:solid windowtext .5pt;mso-border-left-alt:solid windowtext .5pt;\n  mso-border-alt:solid windowtext .5pt;padding:0cm 5.4pt 0cm 5.4pt\">\n  <p class=\"MsoNormal\" align=\"center\" style=\"text-align:center\"><span lang=\"EN-US\">2<o:p></o:p></span></p>\n  </td>\n  <td width=\"104\" valign=\"top\" style=\"width:77.95pt;border-top:none;border-left:\n  none;border-bottom:solid windowtext 1.0pt;border-right:solid windowtext 1.0pt;\n  mso-border-top-alt:solid windowtext .5pt;mso-border-left-alt:solid windowtext .5pt;\n  mso-border-alt:solid windowtext .5pt;padding:0cm 5.4pt 0cm 5.4pt\">\n  <p class=\"MsoNormal\" align=\"center\" style=\"text-align:center\"><span lang=\"EN-US\">85<o:p></o:p></span></p>\n  </td>\n </tr>\n <tr style=\"mso-yfti-irow:4\">\n  <td width=\"94\" valign=\"top\" style=\"width:70.65pt;border:solid windowtext 1.0pt;\n  border-top:none;mso-border-top-alt:solid windowtext .5pt;mso-border-alt:solid windowtext .5pt;\n  padding:0cm 5.4pt 0cm 5.4pt\">\n  <p class=\"MsoNormal\" align=\"center\" style=\"text-align:center\"><span lang=\"EN-US\">201215121<o:p></o:p></span></p>\n  </td>\n  <td width=\"113\" valign=\"top\" style=\"width:3.0cm;border-top:none;border-left:none;\n  border-bottom:solid windowtext 1.0pt;border-right:solid windowtext 1.0pt;\n  mso-border-top-alt:solid windowtext .5pt;mso-border-left-alt:solid windowtext .5pt;\n  mso-border-alt:solid windowtext .5pt;padding:0cm 5.4pt 0cm 5.4pt\">\n  <p class=\"MsoNormal\" align=\"center\" style=\"text-align:center\"><span lang=\"EN-US\">3<o:p></o:p></span></p>\n  </td>\n  <td width=\"104\" valign=\"top\" style=\"width:77.95pt;border-top:none;border-left:\n  none;border-bottom:solid windowtext 1.0pt;border-right:solid windowtext 1.0pt;\n  mso-border-top-alt:solid windowtext .5pt;mso-border-left-alt:solid windowtext .5pt;\n  mso-border-alt:solid windowtext .5pt;padding:0cm 5.4pt 0cm 5.4pt\">\n  <p class=\"MsoNormal\" align=\"center\" style=\"text-align:center\"><span lang=\"EN-US\">88<o:p></o:p></span></p>\n  </td>\n </tr>\n <tr style=\"mso-yfti-irow:5\">\n  <td width=\"94\" valign=\"top\" style=\"width:70.65pt;border:solid windowtext 1.0pt;\n  border-top:none;mso-border-top-alt:solid windowtext .5pt;mso-border-alt:solid windowtext .5pt;\n  padding:0cm 5.4pt 0cm 5.4pt\">\n  <p class=\"MsoNormal\" align=\"center\" style=\"text-align:center\"><span lang=\"EN-US\">201215122<o:p></o:p></span></p>\n  </td>\n  <td width=\"113\" valign=\"top\" style=\"width:3.0cm;border-top:none;border-left:none;\n  border-bottom:solid windowtext 1.0pt;border-right:solid windowtext 1.0pt;\n  mso-border-top-alt:solid windowtext .5pt;mso-border-left-alt:solid windowtext .5pt;\n  mso-border-alt:solid windowtext .5pt;padding:0cm 5.4pt 0cm 5.4pt\">\n  <p class=\"MsoNormal\" align=\"center\" style=\"text-align:center\"><span lang=\"EN-US\">2<o:p></o:p></span></p>\n  </td>\n  <td width=\"104\" valign=\"top\" style=\"width:77.95pt;border-top:none;border-left:\n  none;border-bottom:solid windowtext 1.0pt;border-right:solid windowtext 1.0pt;\n  mso-border-top-alt:solid windowtext .5pt;mso-border-left-alt:solid windowtext .5pt;\n  mso-border-alt:solid windowtext .5pt;padding:0cm 5.4pt 0cm 5.4pt\">\n  <p class=\"MsoNormal\" align=\"center\" style=\"text-align:center\"><span lang=\"EN-US\">90<o:p></o:p></span></p>\n  </td>\n </tr>\n <tr style=\"mso-yfti-irow:6\">\n  <td width=\"94\" valign=\"top\" style=\"width:70.65pt;border:solid windowtext 1.0pt;\n  border-top:none;mso-border-top-alt:solid windowtext .5pt;mso-border-alt:solid windowtext .5pt;\n  padding:0cm 5.4pt 0cm 5.4pt\">\n  <p class=\"MsoNormal\" align=\"center\" style=\"text-align:center\"><span lang=\"EN-US\">201215122<o:p></o:p></span></p>\n  </td>\n  <td width=\"113\" valign=\"top\" style=\"width:3.0cm;border-top:none;border-left:none;\n  border-bottom:solid windowtext 1.0pt;border-right:solid windowtext 1.0pt;\n  mso-border-top-alt:solid windowtext .5pt;mso-border-left-alt:solid windowtext .5pt;\n  mso-border-alt:solid windowtext .5pt;padding:0cm 5.4pt 0cm 5.4pt\">\n  <p class=\"MsoNormal\" align=\"center\" style=\"text-align:center\"><span lang=\"EN-US\">3<o:p></o:p></span></p>\n  </td>\n  <td width=\"104\" valign=\"top\" style=\"width:77.95pt;border-top:none;border-left:\n  none;border-bottom:solid windowtext 1.0pt;border-right:solid windowtext 1.0pt;\n  mso-border-top-alt:solid windowtext .5pt;mso-border-left-alt:solid windowtext .5pt;\n  mso-border-alt:solid windowtext .5pt;padding:0cm 5.4pt 0cm 5.4pt\">\n  <p class=\"MsoNormal\" align=\"center\" style=\"text-align:center\"><span lang=\"EN-US\">80<o:p></o:p></span></p>\n  </td>\n </tr>\n <tr style=\"mso-yfti-irow:7\">\n  <td width=\"94\" valign=\"top\" style=\"width:70.65pt;border:solid windowtext 1.0pt;\n  border-top:none;mso-border-top-alt:solid windowtext .5pt;mso-border-alt:solid windowtext .5pt;\n  padding:0cm 5.4pt 0cm 5.4pt\">\n  <p class=\"MsoNormal\" align=\"center\" style=\"text-align:center\"><span lang=\"EN-US\">201215122<o:p></o:p></span></p>\n  </td>\n  <td width=\"113\" valign=\"top\" style=\"width:3.0cm;border-top:none;border-left:none;\n  border-bottom:solid windowtext 1.0pt;border-right:solid windowtext 1.0pt;\n  mso-border-top-alt:solid windowtext .5pt;mso-border-left-alt:solid windowtext .5pt;\n  mso-border-alt:solid windowtext .5pt;padding:0cm 5.4pt 0cm 5.4pt\">\n  <p class=\"MsoNormal\" align=\"center\" style=\"text-align:center\"><span lang=\"EN-US\">6<o:p></o:p></span></p>\n  </td>\n  <td width=\"104\" valign=\"top\" style=\"width:77.95pt;border-top:none;border-left:\n  none;border-bottom:solid windowtext 1.0pt;border-right:solid windowtext 1.0pt;\n  mso-border-top-alt:solid windowtext .5pt;mso-border-left-alt:solid windowtext .5pt;\n  mso-border-alt:solid windowtext .5pt;padding:0cm 5.4pt 0cm 5.4pt\">\n  <p class=\"MsoNormal\" align=\"center\" style=\"text-align:center\"><span lang=\"EN-US\">59<o:p></o:p></span></p>\n  </td>\n </tr>\n <tr style=\"mso-yfti-irow:8\">\n  <td width=\"94\" valign=\"top\" style=\"width:70.65pt;border:solid windowtext 1.0pt;\n  border-top:none;mso-border-top-alt:solid windowtext .5pt;mso-border-alt:solid windowtext .5pt;\n  padding:0cm 5.4pt 0cm 5.4pt\">\n  <p class=\"MsoNormal\" align=\"center\" style=\"text-align:center\"><span lang=\"EN-US\">201215123<o:p></o:p></span></p>\n  </td>\n  <td width=\"113\" valign=\"top\" style=\"width:3.0cm;border-top:none;border-left:none;\n  border-bottom:solid windowtext 1.0pt;border-right:solid windowtext 1.0pt;\n  mso-border-top-alt:solid windowtext .5pt;mso-border-left-alt:solid windowtext .5pt;\n  mso-border-alt:solid windowtext .5pt;padding:0cm 5.4pt 0cm 5.4pt\">\n  <p class=\"MsoNormal\" align=\"center\" style=\"text-align:center\"><span lang=\"EN-US\">1<o:p></o:p></span></p>\n  </td>\n  <td width=\"104\" valign=\"top\" style=\"width:77.95pt;border-top:none;border-left:\n  none;border-bottom:solid windowtext 1.0pt;border-right:solid windowtext 1.0pt;\n  mso-border-top-alt:solid windowtext .5pt;mso-border-left-alt:solid windowtext .5pt;\n  mso-border-alt:solid windowtext .5pt;padding:0cm 5.4pt 0cm 5.4pt\">\n  <p class=\"MsoNormal\" align=\"center\" style=\"text-align:center\"><span lang=\"EN-US\">84<o:p></o:p></span></p>\n  </td>\n </tr>\n <tr style=\"mso-yfti-irow:9;mso-yfti-lastrow:yes\">\n  <td width=\"94\" valign=\"top\" style=\"width:70.65pt;border:solid windowtext 1.0pt;\n  border-top:none;mso-border-top-alt:solid windowtext .5pt;mso-border-alt:solid windowtext .5pt;\n  padding:0cm 5.4pt 0cm 5.4pt\">\n  <p class=\"MsoNormal\" align=\"center\" style=\"text-align:center\"><b style=\"mso-bidi-font-weight:normal\"><span lang=\"EN-US\">…<o:p></o:p></span></b></p>\n  </td>\n  <td width=\"113\" valign=\"top\" style=\"width:3.0cm;border-top:none;border-left:none;\n  border-bottom:solid windowtext 1.0pt;border-right:solid windowtext 1.0pt;\n  mso-border-top-alt:solid windowtext .5pt;mso-border-left-alt:solid windowtext .5pt;\n  mso-border-alt:solid windowtext .5pt;padding:0cm 5.4pt 0cm 5.4pt\">\n  <p class=\"MsoNormal\" align=\"center\" style=\"text-align:center\"><b style=\"mso-bidi-font-weight:normal\"><span lang=\"EN-US\">…<o:p></o:p></span></b></p>\n  </td>\n  <td width=\"104\" valign=\"top\" style=\"width:77.95pt;border-top:none;border-left:\n  none;border-bottom:solid windowtext 1.0pt;border-right:solid windowtext 1.0pt;\n  mso-border-top-alt:solid windowtext .5pt;mso-border-left-alt:solid windowtext .5pt;\n  mso-border-alt:solid windowtext .5pt;padding:0cm 5.4pt 0cm 5.4pt\">\n  <p class=\"MsoNormal\" align=\"center\" style=\"text-align:center\"><b style=\"mso-bidi-font-weight:normal\"><span lang=\"EN-US\">…<o:p></o:p></span></b></p>\n  </td>\n </tr>\n</tbody></table>\n\n<p class=\"MsoNormal\"><span lang=\"EN-US\"><o:p>&nbsp;</o:p></span></p>\n\n<p class=\"MsoNormal\"><span lang=\"EN-US\"><o:p>&nbsp;</o:p></span></p>\n\n<p class=\"MsoNormal\">初始化<span lang=\"EN-US\">SQL语句</span></p><p class=\"MsoNormal\" align=\"left\" style=\"background-image: initial; background-position: initial; background-size: initial; background-repeat: initial; background-attachment: initial; background-origin: initial; background-clip: initial;\"><b><span lang=\"EN-US\" style=\"font-size:9.0pt;font-family:宋体;\nmso-bidi-font-family:宋体;color:navy;mso-font-kerning:0pt\">SET NAMES </span></b><span lang=\"EN-US\" style=\"font-size:9.0pt;font-family:宋体;mso-bidi-font-family:宋体;\ncolor:black;mso-font-kerning:0pt\">utf8mb4;<br>\n</span><b><span lang=\"EN-US\" style=\"font-size:9.0pt;font-family:宋体;mso-bidi-font-family:\n宋体;color:navy;mso-font-kerning:0pt\">SET </span></b><span lang=\"EN-US\" style=\"font-size:9.0pt;font-family:宋体;mso-bidi-font-family:宋体;color:black;\nmso-font-kerning:0pt\">FOREIGN_KEY_CHECKS = </span><span lang=\"EN-US\" style=\"font-size:9.0pt;font-family:宋体;mso-bidi-font-family:宋体;color:blue;\nmso-font-kerning:0pt\">0</span><span lang=\"EN-US\" style=\"font-size:9.0pt;\nfont-family:宋体;mso-bidi-font-family:宋体;color:black;mso-font-kerning:0pt\">;<br>\n<br>\n</span><i><span lang=\"EN-US\" style=\"font-size:9.0pt;font-family:宋体;mso-bidi-font-family:\n宋体;color:gray;mso-font-kerning:0pt\">/*</span></i><i><span style=\"font-size:\n9.0pt;font-family:宋体;mso-bidi-font-family:宋体;color:gray;mso-font-kerning:0pt\">学生表<span lang=\"EN-US\">*/<br>\n</span></span></i><b><span lang=\"EN-US\" style=\"font-size:9.0pt;font-family:宋体;\nmso-bidi-font-family:宋体;color:navy;mso-font-kerning:0pt\">CREATE TABLE </span></b><span lang=\"EN-US\" style=\"font-size:9.0pt;font-family:宋体;mso-bidi-font-family:宋体;\ncolor:black;mso-font-kerning:0pt\">Student<br>\n(<br>\n&nbsp;&nbsp;&nbsp; </span><b><span lang=\"EN-US\" style=\"font-size:9.0pt;font-family:宋体;mso-bidi-font-family:宋体;color:#660E7A;\nmso-font-kerning:0pt\">Sno&nbsp;&nbsp;</span></b><b><span lang=\"EN-US\" style=\"font-size:9.0pt;font-family:宋体;mso-bidi-font-family:宋体;\ncolor:navy;mso-font-kerning:0pt\">INT</span></b><span lang=\"EN-US\" style=\"font-size:9.0pt;font-family:宋体;mso-bidi-font-family:宋体;color:black;\nmso-font-kerning:0pt\">(</span><span lang=\"EN-US\" style=\"font-size:9.0pt;\nfont-family:宋体;mso-bidi-font-family:宋体;color:blue;mso-font-kerning:0pt\">9</span><span lang=\"EN-US\" style=\"font-size:9.0pt;font-family:宋体;mso-bidi-font-family:宋体;\ncolor:black;mso-font-kerning:0pt\">) </span><b><span lang=\"EN-US\" style=\"font-size:9.0pt;font-family:宋体;mso-bidi-font-family:宋体;color:navy;\nmso-font-kerning:0pt\">PRIMARY KEY</span></b><span lang=\"EN-US\" style=\"font-size:\n9.0pt;font-family:宋体;mso-bidi-font-family:宋体;color:black;mso-font-kerning:0pt\">,<br>\n&nbsp;&nbsp;&nbsp; </span><b><span lang=\"EN-US\" style=\"font-size:9.0pt;font-family:宋体;mso-bidi-font-family:宋体;color:#660E7A;\nmso-font-kerning:0pt\">Sname&nbsp;</span></b><b><span lang=\"EN-US\" style=\"font-size:\n9.0pt;font-family:宋体;mso-bidi-font-family:宋体;color:navy;mso-font-kerning:0pt\">VARCHAR</span></b><span lang=\"EN-US\" style=\"font-size:9.0pt;font-family:宋体;mso-bidi-font-family:宋体;\ncolor:black;mso-font-kerning:0pt\">(</span><span lang=\"EN-US\" style=\"font-size:\n9.0pt;font-family:宋体;mso-bidi-font-family:宋体;color:blue;mso-font-kerning:0pt\">10</span><span lang=\"EN-US\" style=\"font-size:9.0pt;font-family:宋体;mso-bidi-font-family:宋体;\ncolor:black;mso-font-kerning:0pt\">),<br>\n&nbsp;&nbsp;&nbsp; </span><b><span lang=\"EN-US\" style=\"font-size:9.0pt;font-family:宋体;mso-bidi-font-family:宋体;color:#660E7A;\nmso-font-kerning:0pt\">Ssex&nbsp; </span></b><b><span lang=\"EN-US\" style=\"font-size:9.0pt;font-family:宋体;mso-bidi-font-family:宋体;\ncolor:navy;mso-font-kerning:0pt\">CHAR</span></b><span lang=\"EN-US\" style=\"font-size:9.0pt;font-family:宋体;mso-bidi-font-family:宋体;color:black;\nmso-font-kerning:0pt\">(</span><span lang=\"EN-US\" style=\"font-size:9.0pt;\nfont-family:宋体;mso-bidi-font-family:宋体;color:blue;mso-font-kerning:0pt\">2</span><span lang=\"EN-US\" style=\"font-size:9.0pt;font-family:宋体;mso-bidi-font-family:宋体;\ncolor:black;mso-font-kerning:0pt\">),<br>\n&nbsp;&nbsp;&nbsp; </span><b><span lang=\"EN-US\" style=\"font-size:9.0pt;font-family:宋体;mso-bidi-font-family:宋体;color:#660E7A;\nmso-font-kerning:0pt\">Sage&nbsp; </span></b><b><span lang=\"EN-US\" style=\"font-size:9.0pt;font-family:宋体;mso-bidi-font-family:宋体;\ncolor:navy;mso-font-kerning:0pt\">TINYINT</span></b><span lang=\"EN-US\" style=\"font-size:9.0pt;font-family:宋体;mso-bidi-font-family:宋体;color:black;\nmso-font-kerning:0pt\">(</span><span lang=\"EN-US\" style=\"font-size:9.0pt;\nfont-family:宋体;mso-bidi-font-family:宋体;color:blue;mso-font-kerning:0pt\">3</span><span lang=\"EN-US\" style=\"font-size:9.0pt;font-family:宋体;mso-bidi-font-family:宋体;\ncolor:black;mso-font-kerning:0pt\">),<br>\n&nbsp;&nbsp;&nbsp; </span><b><span lang=\"EN-US\" style=\"font-size:9.0pt;font-family:宋体;mso-bidi-font-family:宋体;color:#660E7A;\nmso-font-kerning:0pt\">Sdept&nbsp;</span></b><b><span lang=\"EN-US\" style=\"font-size:\n9.0pt;font-family:宋体;mso-bidi-font-family:宋体;color:navy;mso-font-kerning:0pt\">VARCHAR</span></b><span lang=\"EN-US\" style=\"font-size:9.0pt;font-family:宋体;mso-bidi-font-family:宋体;\ncolor:black;mso-font-kerning:0pt\">(</span><span lang=\"EN-US\" style=\"font-size:\n9.0pt;font-family:宋体;mso-bidi-font-family:宋体;color:blue;mso-font-kerning:0pt\">20</span><span lang=\"EN-US\" style=\"font-size:9.0pt;font-family:宋体;mso-bidi-font-family:宋体;\ncolor:black;mso-font-kerning:0pt\">)<br>\n);<br>\n</span><b><span lang=\"EN-US\" style=\"font-size:9.0pt;font-family:宋体;mso-bidi-font-family:\n宋体;color:navy;mso-font-kerning:0pt\">INSERT INTO </span></b><span lang=\"EN-US\" style=\"font-size:9.0pt;font-family:宋体;mso-bidi-font-family:宋体;color:black;\nmso-font-kerning:0pt\">Student<br>\n</span><b><span lang=\"EN-US\" style=\"font-size:9.0pt;font-family:宋体;mso-bidi-font-family:\n宋体;color:navy;mso-font-kerning:0pt\">VALUES&nbsp;</span></b><span lang=\"EN-US\" style=\"font-size:9.0pt;font-family:宋体;mso-bidi-font-family:宋体;color:black;\nmso-font-kerning:0pt\">(</span><span lang=\"EN-US\" style=\"font-size:9.0pt;\nfont-family:宋体;mso-bidi-font-family:宋体;color:blue;mso-font-kerning:0pt\">201215121</span><span lang=\"EN-US\" style=\"font-size:9.0pt;font-family:宋体;mso-bidi-font-family:宋体;\ncolor:black;mso-font-kerning:0pt\">, </span><b><span lang=\"EN-US\" style=\"font-size:9.0pt;font-family:宋体;mso-bidi-font-family:宋体;color:green;\nmso-font-kerning:0pt\">\'</span></b><b><span style=\"font-size:9.0pt;font-family:\n宋体;mso-bidi-font-family:宋体;color:green;mso-font-kerning:0pt\">李勇<span lang=\"EN-US\">\'</span></span></b><span lang=\"EN-US\" style=\"font-size:9.0pt;\nfont-family:宋体;mso-bidi-font-family:宋体;color:black;mso-font-kerning:0pt\">, </span><b><span lang=\"EN-US\" style=\"font-size:9.0pt;font-family:宋体;mso-bidi-font-family:宋体;\ncolor:green;mso-font-kerning:0pt\">\'</span></b><b><span style=\"font-size:9.0pt;\nfont-family:宋体;mso-bidi-font-family:宋体;color:green;mso-font-kerning:0pt\">男<span lang=\"EN-US\">\'</span></span></b><span lang=\"EN-US\" style=\"font-size:9.0pt;\nfont-family:宋体;mso-bidi-font-family:宋体;color:black;mso-font-kerning:0pt\">, </span><span lang=\"EN-US\" style=\"font-size:9.0pt;font-family:宋体;mso-bidi-font-family:宋体;\ncolor:blue;mso-font-kerning:0pt\">20</span><span lang=\"EN-US\" style=\"font-size:\n9.0pt;font-family:宋体;mso-bidi-font-family:宋体;color:black;mso-font-kerning:0pt\">,\n</span><b><span lang=\"EN-US\" style=\"font-size:9.0pt;font-family:宋体;mso-bidi-font-family:\n宋体;color:green;mso-font-kerning:0pt\">\'CS\'</span></b><span lang=\"EN-US\" style=\"font-size:9.0pt;font-family:宋体;mso-bidi-font-family:宋体;color:black;\nmso-font-kerning:0pt\">),<br>&nbsp; &nbsp; &nbsp;(</span><span lang=\"EN-US\" style=\"font-size:9.0pt;font-family:宋体;mso-bidi-font-family:宋体;color:blue;\nmso-font-kerning:0pt\">201215122</span><span lang=\"EN-US\" style=\"font-size:9.0pt;\nfont-family:宋体;mso-bidi-font-family:宋体;color:black;mso-font-kerning:0pt\">, </span><b><span lang=\"EN-US\" style=\"font-size:9.0pt;font-family:宋体;mso-bidi-font-family:宋体;\ncolor:green;mso-font-kerning:0pt\">\'</span></b><b><span style=\"font-size:9.0pt;\nfont-family:宋体;mso-bidi-font-family:宋体;color:green;mso-font-kerning:0pt\">刘晨<span lang=\"EN-US\">\'</span></span></b><span lang=\"EN-US\" style=\"font-size:9.0pt;\nfont-family:宋体;mso-bidi-font-family:宋体;color:black;mso-font-kerning:0pt\">, </span><b><span lang=\"EN-US\" style=\"font-size:9.0pt;font-family:宋体;mso-bidi-font-family:宋体;\ncolor:green;mso-font-kerning:0pt\">\'</span></b><b><span style=\"font-size:9.0pt;\nfont-family:宋体;mso-bidi-font-family:宋体;color:green;mso-font-kerning:0pt\">女<span lang=\"EN-US\">\'</span></span></b><span lang=\"EN-US\" style=\"font-size:9.0pt;\nfont-family:宋体;mso-bidi-font-family:宋体;color:black;mso-font-kerning:0pt\">, </span><span lang=\"EN-US\" style=\"font-size:9.0pt;font-family:宋体;mso-bidi-font-family:宋体;\ncolor:blue;mso-font-kerning:0pt\">19</span><span lang=\"EN-US\" style=\"font-size:\n9.0pt;font-family:宋体;mso-bidi-font-family:宋体;color:black;mso-font-kerning:0pt\">,\n</span><b><span lang=\"EN-US\" style=\"font-size:9.0pt;font-family:宋体;mso-bidi-font-family:\n宋体;color:green;mso-font-kerning:0pt\">\'CS\'</span></b><span lang=\"EN-US\" style=\"font-size:9.0pt;font-family:宋体;mso-bidi-font-family:宋体;color:black;\nmso-font-kerning:0pt\">),<br>\n&nbsp;&nbsp;&nbsp;&nbsp;(</span><span lang=\"EN-US\" style=\"font-size:9.0pt;font-family:宋体;mso-bidi-font-family:宋体;color:blue;\nmso-font-kerning:0pt\">201215123</span><span lang=\"EN-US\" style=\"font-size:9.0pt;\nfont-family:宋体;mso-bidi-font-family:宋体;color:black;mso-font-kerning:0pt\">, </span><b><span lang=\"EN-US\" style=\"font-size:9.0pt;font-family:宋体;mso-bidi-font-family:宋体;\ncolor:green;mso-font-kerning:0pt\">\'</span></b><b><span style=\"font-size:9.0pt;\nfont-family:宋体;mso-bidi-font-family:宋体;color:green;mso-font-kerning:0pt\">王敏<span lang=\"EN-US\">\'</span></span></b><span lang=\"EN-US\" style=\"font-size:9.0pt;\nfont-family:宋体;mso-bidi-font-family:宋体;color:black;mso-font-kerning:0pt\">, </span><b><span lang=\"EN-US\" style=\"font-size:9.0pt;font-family:宋体;mso-bidi-font-family:宋体;\ncolor:green;mso-font-kerning:0pt\">\'</span></b><b><span style=\"font-size:9.0pt;\nfont-family:宋体;mso-bidi-font-family:宋体;color:green;mso-font-kerning:0pt\">女<span lang=\"EN-US\">\'</span></span></b><span lang=\"EN-US\" style=\"font-size:9.0pt;\nfont-family:宋体;mso-bidi-font-family:宋体;color:black;mso-font-kerning:0pt\">, </span><span lang=\"EN-US\" style=\"font-size:9.0pt;font-family:宋体;mso-bidi-font-family:宋体;\ncolor:blue;mso-font-kerning:0pt\">18</span><span lang=\"EN-US\" style=\"font-size:\n9.0pt;font-family:宋体;mso-bidi-font-family:宋体;color:black;mso-font-kerning:0pt\">,\n</span><b><span lang=\"EN-US\" style=\"font-size:9.0pt;font-family:宋体;mso-bidi-font-family:\n宋体;color:green;mso-font-kerning:0pt\">\'MA\'</span></b><span lang=\"EN-US\" style=\"font-size:9.0pt;font-family:宋体;mso-bidi-font-family:宋体;color:black;\nmso-font-kerning:0pt\">),<br>\n&nbsp;&nbsp;&nbsp;&nbsp;(</span><span lang=\"EN-US\" style=\"font-size:9.0pt;font-family:宋体;mso-bidi-font-family:宋体;color:blue;\nmso-font-kerning:0pt\">201215125</span><span lang=\"EN-US\" style=\"font-size:9.0pt;\nfont-family:宋体;mso-bidi-font-family:宋体;color:black;mso-font-kerning:0pt\">, </span><b><span lang=\"EN-US\" style=\"font-size:9.0pt;font-family:宋体;mso-bidi-font-family:宋体;\ncolor:green;mso-font-kerning:0pt\">\'</span></b><b><span style=\"font-size:9.0pt;\nfont-family:宋体;mso-bidi-font-family:宋体;color:green;mso-font-kerning:0pt\">张立<span lang=\"EN-US\">\'</span></span></b><span lang=\"EN-US\" style=\"font-size:9.0pt;\nfont-family:宋体;mso-bidi-font-family:宋体;color:black;mso-font-kerning:0pt\">, </span><b><span lang=\"EN-US\" style=\"font-size:9.0pt;font-family:宋体;mso-bidi-font-family:宋体;\ncolor:green;mso-font-kerning:0pt\">\'</span></b><b><span style=\"font-size:9.0pt;\nfont-family:宋体;mso-bidi-font-family:宋体;color:green;mso-font-kerning:0pt\">男<span lang=\"EN-US\">\'</span></span></b><span lang=\"EN-US\" style=\"font-size:9.0pt;\nfont-family:宋体;mso-bidi-font-family:宋体;color:black;mso-font-kerning:0pt\">, </span><span lang=\"EN-US\" style=\"font-size:9.0pt;font-family:宋体;mso-bidi-font-family:宋体;\ncolor:blue;mso-font-kerning:0pt\">19</span><span lang=\"EN-US\" style=\"font-size:\n9.0pt;font-family:宋体;mso-bidi-font-family:宋体;color:black;mso-font-kerning:0pt\">,\n</span><b><span lang=\"EN-US\" style=\"font-size:9.0pt;font-family:宋体;mso-bidi-font-family:\n宋体;color:green;mso-font-kerning:0pt\">\'IS\'</span></b><span lang=\"EN-US\" style=\"font-size:9.0pt;font-family:宋体;mso-bidi-font-family:宋体;color:black;\nmso-font-kerning:0pt\">),<br>\n&nbsp;&nbsp;&nbsp;&nbsp;(</span><span lang=\"EN-US\" style=\"font-size:9.0pt;font-family:宋体;mso-bidi-font-family:宋体;color:blue;\nmso-font-kerning:0pt\">201215133</span><span lang=\"EN-US\" style=\"font-size:9.0pt;\nfont-family:宋体;mso-bidi-font-family:宋体;color:black;mso-font-kerning:0pt\">, </span><b><span lang=\"EN-US\" style=\"font-size:9.0pt;font-family:宋体;mso-bidi-font-family:宋体;\ncolor:green;mso-font-kerning:0pt\">\'</span></b><b><span style=\"font-size:9.0pt;\nfont-family:宋体;mso-bidi-font-family:宋体;color:green;mso-font-kerning:0pt\">张三<span lang=\"EN-US\">\'</span></span></b><span lang=\"EN-US\" style=\"font-size:9.0pt;\nfont-family:宋体;mso-bidi-font-family:宋体;color:black;mso-font-kerning:0pt\">, </span><b><span lang=\"EN-US\" style=\"font-size:9.0pt;font-family:宋体;mso-bidi-font-family:宋体;\ncolor:green;mso-font-kerning:0pt\">\'</span></b><b><span style=\"font-size:9.0pt;\nfont-family:宋体;mso-bidi-font-family:宋体;color:green;mso-font-kerning:0pt\">男<span lang=\"EN-US\">\'</span></span></b><span lang=\"EN-US\" style=\"font-size:9.0pt;\nfont-family:宋体;mso-bidi-font-family:宋体;color:black;mso-font-kerning:0pt\">, </span><span lang=\"EN-US\" style=\"font-size:9.0pt;font-family:宋体;mso-bidi-font-family:宋体;\ncolor:blue;mso-font-kerning:0pt\">21</span><span lang=\"EN-US\" style=\"font-size:\n9.0pt;font-family:宋体;mso-bidi-font-family:宋体;color:black;mso-font-kerning:0pt\">,\n</span><b><span lang=\"EN-US\" style=\"font-size:9.0pt;font-family:宋体;mso-bidi-font-family:\n宋体;color:green;mso-font-kerning:0pt\">\'TE\'</span></b><span lang=\"EN-US\" style=\"font-size:9.0pt;font-family:宋体;mso-bidi-font-family:宋体;color:black;\nmso-font-kerning:0pt\">),<br>\n&nbsp; &nbsp; &nbsp;(</span><span lang=\"EN-US\" style=\"font-size:9.0pt;font-family:宋体;mso-bidi-font-family:宋体;color:blue;\nmso-font-kerning:0pt\">201215137</span><span lang=\"EN-US\" style=\"font-size:9.0pt;\nfont-family:宋体;mso-bidi-font-family:宋体;color:black;mso-font-kerning:0pt\">, </span><b><span lang=\"EN-US\" style=\"font-size:9.0pt;font-family:宋体;mso-bidi-font-family:宋体;\ncolor:green;mso-font-kerning:0pt\">\'</span></b><b><span style=\"font-size:9.0pt;\nfont-family:宋体;mso-bidi-font-family:宋体;color:green;mso-font-kerning:0pt\">赵四<span lang=\"EN-US\">\'</span></span></b><span lang=\"EN-US\" style=\"font-size:9.0pt;\nfont-family:宋体;mso-bidi-font-family:宋体;color:black;mso-font-kerning:0pt\">, </span><b><span lang=\"EN-US\" style=\"font-size:9.0pt;font-family:宋体;mso-bidi-font-family:宋体;\ncolor:green;mso-font-kerning:0pt\">\'</span></b><b><span style=\"font-size:9.0pt;\nfont-family:宋体;mso-bidi-font-family:宋体;color:green;mso-font-kerning:0pt\">男<span lang=\"EN-US\">\'</span></span></b><span lang=\"EN-US\" style=\"font-size:9.0pt;\nfont-family:宋体;mso-bidi-font-family:宋体;color:black;mso-font-kerning:0pt\">, </span><span lang=\"EN-US\" style=\"font-size:9.0pt;font-family:宋体;mso-bidi-font-family:宋体;\ncolor:blue;mso-font-kerning:0pt\">23</span><span lang=\"EN-US\" style=\"font-size:\n9.0pt;font-family:宋体;mso-bidi-font-family:宋体;color:black;mso-font-kerning:0pt\">,\n</span><b><span lang=\"EN-US\" style=\"font-size:9.0pt;font-family:宋体;mso-bidi-font-family:\n宋体;color:green;mso-font-kerning:0pt\">\'TE\'</span></b><span lang=\"EN-US\" style=\"font-size:9.0pt;font-family:宋体;mso-bidi-font-family:宋体;color:black;\nmso-font-kerning:0pt\">),<br>\n&nbsp; &nbsp; &nbsp;(</span><span lang=\"EN-US\" style=\"font-size:9.0pt;font-family:宋体;mso-bidi-font-family:宋体;color:blue;\nmso-font-kerning:0pt\">201215139</span><span lang=\"EN-US\" style=\"font-size:9.0pt;\nfont-family:宋体;mso-bidi-font-family:宋体;color:black;mso-font-kerning:0pt\">, </span><b><span lang=\"EN-US\" style=\"font-size:9.0pt;font-family:宋体;mso-bidi-font-family:宋体;\ncolor:green;mso-font-kerning:0pt\">\'</span></b><b><span style=\"font-size:9.0pt;\nfont-family:宋体;mso-bidi-font-family:宋体;color:green;mso-font-kerning:0pt\">田二<span lang=\"EN-US\">\'</span></span></b><span lang=\"EN-US\" style=\"font-size:9.0pt;\nfont-family:宋体;mso-bidi-font-family:宋体;color:black;mso-font-kerning:0pt\">, </span><b><span lang=\"EN-US\" style=\"font-size:9.0pt;font-family:宋体;mso-bidi-font-family:宋体;\ncolor:green;mso-font-kerning:0pt\">\'</span></b><b><span style=\"font-size:9.0pt;\nfont-family:宋体;mso-bidi-font-family:宋体;color:green;mso-font-kerning:0pt\">女<span lang=\"EN-US\">\'</span></span></b><span lang=\"EN-US\" style=\"font-size:9.0pt;\nfont-family:宋体;mso-bidi-font-family:宋体;color:black;mso-font-kerning:0pt\">, </span><span lang=\"EN-US\" style=\"font-size:9.0pt;font-family:宋体;mso-bidi-font-family:宋体;\ncolor:blue;mso-font-kerning:0pt\">24</span><span lang=\"EN-US\" style=\"font-size:\n9.0pt;font-family:宋体;mso-bidi-font-family:宋体;color:black;mso-font-kerning:0pt\">,\n</span><b><span lang=\"EN-US\" style=\"font-size:9.0pt;font-family:宋体;mso-bidi-font-family:\n宋体;color:green;mso-font-kerning:0pt\">\'CS\'</span></b><span lang=\"EN-US\" style=\"font-size:9.0pt;font-family:宋体;mso-bidi-font-family:宋体;color:black;\nmso-font-kerning:0pt\">),<br>\n&nbsp; &nbsp; &nbsp;(</span><span lang=\"EN-US\" style=\"font-size:9.0pt;font-family:宋体;mso-bidi-font-family:宋体;color:blue;\nmso-font-kerning:0pt\">201215140</span><span lang=\"EN-US\" style=\"font-size:9.0pt;\nfont-family:宋体;mso-bidi-font-family:宋体;color:black;mso-font-kerning:0pt\">, </span><b><span lang=\"EN-US\" style=\"font-size:9.0pt;font-family:宋体;mso-bidi-font-family:宋体;\ncolor:green;mso-font-kerning:0pt\">\'</span></b><b><span style=\"font-size:9.0pt;\nfont-family:宋体;mso-bidi-font-family:宋体;color:green;mso-font-kerning:0pt\">李四<span lang=\"EN-US\">\'</span></span></b><span lang=\"EN-US\" style=\"font-size:9.0pt;\nfont-family:宋体;mso-bidi-font-family:宋体;color:black;mso-font-kerning:0pt\">, </span><b><span lang=\"EN-US\" style=\"font-size:9.0pt;font-family:宋体;mso-bidi-font-family:宋体;\ncolor:green;mso-font-kerning:0pt\">\'</span></b><b><span style=\"font-size:9.0pt;\nfont-family:宋体;mso-bidi-font-family:宋体;color:green;mso-font-kerning:0pt\">男<span lang=\"EN-US\">\'</span></span></b><span lang=\"EN-US\" style=\"font-size:9.0pt;\nfont-family:宋体;mso-bidi-font-family:宋体;color:black;mso-font-kerning:0pt\">, </span><span lang=\"EN-US\" style=\"font-size:9.0pt;font-family:宋体;mso-bidi-font-family:宋体;\ncolor:blue;mso-font-kerning:0pt\">21</span><span lang=\"EN-US\" style=\"font-size:\n9.0pt;font-family:宋体;mso-bidi-font-family:宋体;color:black;mso-font-kerning:0pt\">,\n</span><b><span lang=\"EN-US\" style=\"font-size:9.0pt;font-family:宋体;mso-bidi-font-family:\n宋体;color:green;mso-font-kerning:0pt\">\'CS\'</span></b><span lang=\"EN-US\" style=\"font-size:9.0pt;font-family:宋体;mso-bidi-font-family:宋体;color:black;\nmso-font-kerning:0pt\">),<br>\n&nbsp; &nbsp; &nbsp;(</span><span lang=\"EN-US\" style=\"font-size:9.0pt;font-family:宋体;mso-bidi-font-family:宋体;color:blue;\nmso-font-kerning:0pt\">201215141</span><span lang=\"EN-US\" style=\"font-size:9.0pt;\nfont-family:宋体;mso-bidi-font-family:宋体;color:black;mso-font-kerning:0pt\">, </span><b><span lang=\"EN-US\" style=\"font-size:9.0pt;font-family:宋体;mso-bidi-font-family:宋体;\ncolor:green;mso-font-kerning:0pt\">\'</span></b><b><span style=\"font-size:9.0pt;\nfont-family:宋体;mso-bidi-font-family:宋体;color:green;mso-font-kerning:0pt\">郑五<span lang=\"EN-US\">\'</span></span></b><span lang=\"EN-US\" style=\"font-size:9.0pt;\nfont-family:宋体;mso-bidi-font-family:宋体;color:black;mso-font-kerning:0pt\">, </span><b><span lang=\"EN-US\" style=\"font-size:9.0pt;font-family:宋体;mso-bidi-font-family:宋体;\ncolor:green;mso-font-kerning:0pt\">\'</span></b><b><span style=\"font-size:9.0pt;\nfont-family:宋体;mso-bidi-font-family:宋体;color:green;mso-font-kerning:0pt\">女<span lang=\"EN-US\">\'</span></span></b><span lang=\"EN-US\" style=\"font-size:9.0pt;\nfont-family:宋体;mso-bidi-font-family:宋体;color:black;mso-font-kerning:0pt\">, </span><span lang=\"EN-US\" style=\"font-size:9.0pt;font-family:宋体;mso-bidi-font-family:宋体;\ncolor:blue;mso-font-kerning:0pt\">22</span><span lang=\"EN-US\" style=\"font-size:\n9.0pt;font-family:宋体;mso-bidi-font-family:宋体;color:black;mso-font-kerning:0pt\">,\n</span><b><span lang=\"EN-US\" style=\"font-size:9.0pt;font-family:宋体;mso-bidi-font-family:\n宋体;color:green;mso-font-kerning:0pt\">\'IS\'</span></b><span lang=\"EN-US\" style=\"font-size:9.0pt;font-family:宋体;mso-bidi-font-family:宋体;color:black;\nmso-font-kerning:0pt\">);<br>\n<br>\n</span><i><span lang=\"EN-US\" style=\"font-size:9.0pt;font-family:宋体;mso-bidi-font-family:\n宋体;color:gray;mso-font-kerning:0pt\">/*</span></i><i><span style=\"font-size:\n9.0pt;font-family:宋体;mso-bidi-font-family:宋体;color:gray;mso-font-kerning:0pt\">课程表<span lang=\"EN-US\">*/<br>\n</span></span></i><b><span lang=\"EN-US\" style=\"font-size:9.0pt;font-family:宋体;\nmso-bidi-font-family:宋体;color:navy;mso-font-kerning:0pt\">CREATE TABLE </span></b><span lang=\"EN-US\" style=\"font-size:9.0pt;font-family:宋体;mso-bidi-font-family:宋体;\ncolor:black;mso-font-kerning:0pt\">Course<br>\n(<br>\n&nbsp;&nbsp;&nbsp; </span><b><span lang=\"EN-US\" style=\"font-size:9.0pt;font-family:宋体;mso-bidi-font-family:宋体;color:#660E7A;\nmso-font-kerning:0pt\">Cno&nbsp;&nbsp;<span style=\"white-space:pre\">	</span></span></b><b><span lang=\"EN-US\" style=\"font-size:9.0pt;font-family:宋体;mso-bidi-font-family:宋体;\ncolor:navy;mso-font-kerning:0pt\">INT</span></b><span lang=\"EN-US\" style=\"font-size:9.0pt;font-family:宋体;mso-bidi-font-family:宋体;color:black;\nmso-font-kerning:0pt\">(</span><span lang=\"EN-US\" style=\"font-size:9.0pt;\nfont-family:宋体;mso-bidi-font-family:宋体;color:blue;mso-font-kerning:0pt\">4</span><span lang=\"EN-US\" style=\"font-size:9.0pt;font-family:宋体;mso-bidi-font-family:宋体;\ncolor:black;mso-font-kerning:0pt\">) </span><b><span lang=\"EN-US\" style=\"font-size:9.0pt;font-family:宋体;mso-bidi-font-family:宋体;color:navy;\nmso-font-kerning:0pt\">PRIMARY KEY</span></b><span lang=\"EN-US\" style=\"font-size:\n9.0pt;font-family:宋体;mso-bidi-font-family:宋体;color:black;mso-font-kerning:0pt\">,<br>\n&nbsp;&nbsp;&nbsp; </span><b><span lang=\"EN-US\" style=\"font-size:9.0pt;font-family:宋体;mso-bidi-font-family:宋体;color:#660E7A;\nmso-font-kerning:0pt\">Cname&nbsp;<span style=\"white-space:pre\">	</span></span></b><b><span lang=\"EN-US\" style=\"font-size:9.0pt;font-family:宋体;mso-bidi-font-family:宋体;\ncolor:navy;mso-font-kerning:0pt\">VARCHAR</span></b><span lang=\"EN-US\" style=\"font-size:9.0pt;font-family:宋体;mso-bidi-font-family:宋体;color:black;\nmso-font-kerning:0pt\">(</span><span lang=\"EN-US\" style=\"font-size:9.0pt;\nfont-family:宋体;mso-bidi-font-family:宋体;color:blue;mso-font-kerning:0pt\">40</span><span lang=\"EN-US\" style=\"font-size:9.0pt;font-family:宋体;mso-bidi-font-family:宋体;\ncolor:black;mso-font-kerning:0pt\">),<br>\n&nbsp;&nbsp;&nbsp; </span><b><span lang=\"EN-US\" style=\"font-size:9.0pt;font-family:宋体;mso-bidi-font-family:宋体;color:#660E7A;\nmso-font-kerning:0pt\">Cpno&nbsp;&nbsp;<span style=\"white-space:pre\">	</span></span></b><b><span lang=\"EN-US\" style=\"font-size:9.0pt;font-family:宋体;mso-bidi-font-family:宋体;\ncolor:navy;mso-font-kerning:0pt\">INT</span></b><span lang=\"EN-US\" style=\"font-size:9.0pt;font-family:宋体;mso-bidi-font-family:宋体;color:black;\nmso-font-kerning:0pt\">(</span><span lang=\"EN-US\" style=\"font-size:9.0pt;\nfont-family:宋体;mso-bidi-font-family:宋体;color:blue;mso-font-kerning:0pt\">4</span><span lang=\"EN-US\" style=\"font-size:9.0pt;font-family:宋体;mso-bidi-font-family:宋体;\ncolor:black;mso-font-kerning:0pt\">),<br>\n&nbsp;&nbsp;&nbsp; </span><b><span lang=\"EN-US\" style=\"font-size:9.0pt;font-family:宋体;mso-bidi-font-family:宋体;color:#660E7A;\nmso-font-kerning:0pt\">Ccredit <span style=\"white-space:pre\">	</span></span></b><b><span lang=\"EN-US\" style=\"font-size:\n9.0pt;font-family:宋体;mso-bidi-font-family:宋体;color:navy;mso-font-kerning:0pt\">TINYINT</span></b><span lang=\"EN-US\" style=\"font-size:9.0pt;font-family:宋体;mso-bidi-font-family:宋体;\ncolor:black;mso-font-kerning:0pt\">(</span><span lang=\"EN-US\" style=\"font-size:\n9.0pt;font-family:宋体;mso-bidi-font-family:宋体;color:blue;mso-font-kerning:0pt\">3</span><span lang=\"EN-US\" style=\"font-size:9.0pt;font-family:宋体;mso-bidi-font-family:宋体;\ncolor:black;mso-font-kerning:0pt\">),<br>\n&nbsp;&nbsp;&nbsp; </span><b><span lang=\"EN-US\" style=\"font-size:9.0pt;font-family:宋体;mso-bidi-font-family:宋体;color:navy;\nmso-font-kerning:0pt\">FOREIGN <span style=\"white-space:pre\">	</span>KEY </span></b><span lang=\"EN-US\" style=\"font-size:\n9.0pt;font-family:宋体;mso-bidi-font-family:宋体;color:black;mso-font-kerning:0pt\">(</span><b><span lang=\"EN-US\" style=\"font-size:9.0pt;font-family:宋体;mso-bidi-font-family:宋体;\ncolor:#660E7A;mso-font-kerning:0pt\">Cpno</span></b><span lang=\"EN-US\" style=\"font-size:9.0pt;font-family:宋体;mso-bidi-font-family:宋体;color:black;\nmso-font-kerning:0pt\">) </span><b><span lang=\"EN-US\" style=\"font-size:9.0pt;\nfont-family:宋体;mso-bidi-font-family:宋体;color:navy;mso-font-kerning:0pt\">REFERENCES\n</span></b><span lang=\"EN-US\" style=\"font-size:9.0pt;font-family:宋体;mso-bidi-font-family:\n宋体;color:black;mso-font-kerning:0pt\">Course (</span><b><span lang=\"EN-US\" style=\"font-size:9.0pt;font-family:宋体;mso-bidi-font-family:宋体;color:#660E7A;\nmso-font-kerning:0pt\">Cno</span></b><span lang=\"EN-US\" style=\"font-size:9.0pt;\nfont-family:宋体;mso-bidi-font-family:宋体;color:black;mso-font-kerning:0pt\">)<br>\n);<br>\n</span><b><span lang=\"EN-US\" style=\"font-size:9.0pt;font-family:宋体;mso-bidi-font-family:\n宋体;color:navy;mso-font-kerning:0pt\">INSERT INTO </span></b><span lang=\"EN-US\" style=\"font-size:9.0pt;font-family:宋体;mso-bidi-font-family:宋体;color:black;\nmso-font-kerning:0pt\">Course<br>\n</span><b><span lang=\"EN-US\" style=\"font-size:9.0pt;font-family:宋体;mso-bidi-font-family:\n宋体;color:navy;mso-font-kerning:0pt\">VALUES<span style=\"white-space:pre\">	</span></span></b><span lang=\"EN-US\" style=\"font-size:9.0pt;font-family:宋体;mso-bidi-font-family:宋体;color:black;\nmso-font-kerning:0pt\">(</span><span lang=\"EN-US\" style=\"font-size:9.0pt;\nfont-family:宋体;mso-bidi-font-family:宋体;color:blue;mso-font-kerning:0pt\">1</span><span lang=\"EN-US\" style=\"font-size:9.0pt;font-family:宋体;mso-bidi-font-family:宋体;\ncolor:black;mso-font-kerning:0pt\">, </span><b><span lang=\"EN-US\" style=\"font-size:9.0pt;font-family:宋体;mso-bidi-font-family:宋体;color:green;\nmso-font-kerning:0pt\">\'</span></b><b><span style=\"font-size:9.0pt;font-family:\n宋体;mso-bidi-font-family:宋体;color:green;mso-font-kerning:0pt\">数据库<span lang=\"EN-US\">\'</span></span></b><span lang=\"EN-US\" style=\"font-size:9.0pt;\nfont-family:宋体;mso-bidi-font-family:宋体;color:black;mso-font-kerning:0pt\">, </span><span lang=\"EN-US\" style=\"font-size:9.0pt;font-family:宋体;mso-bidi-font-family:宋体;\ncolor:blue;mso-font-kerning:0pt\">5</span><span lang=\"EN-US\" style=\"font-size:\n9.0pt;font-family:宋体;mso-bidi-font-family:宋体;color:black;mso-font-kerning:0pt\">,\n</span><span lang=\"EN-US\" style=\"font-size:9.0pt;font-family:宋体;mso-bidi-font-family:\n宋体;color:blue;mso-font-kerning:0pt\">4</span><span lang=\"EN-US\" style=\"font-size:\n9.0pt;font-family:宋体;mso-bidi-font-family:宋体;color:black;mso-font-kerning:0pt\">),<br>\n&nbsp; &nbsp; <span style=\"white-space:pre\">	</span>(</span><span lang=\"EN-US\" style=\"font-size:9.0pt;font-family:宋体;mso-bidi-font-family:宋体;color:blue;\nmso-font-kerning:0pt\">2</span><span lang=\"EN-US\" style=\"font-size:9.0pt;\nfont-family:宋体;mso-bidi-font-family:宋体;color:black;mso-font-kerning:0pt\">, </span><b><span lang=\"EN-US\" style=\"font-size:9.0pt;font-family:宋体;mso-bidi-font-family:宋体;\ncolor:green;mso-font-kerning:0pt\">\'</span></b><b><span style=\"font-size:9.0pt;\nfont-family:宋体;mso-bidi-font-family:宋体;color:green;mso-font-kerning:0pt\">数学<span lang=\"EN-US\">\'</span></span></b><span lang=\"EN-US\" style=\"font-size:9.0pt;\nfont-family:宋体;mso-bidi-font-family:宋体;color:black;mso-font-kerning:0pt\">, </span><b><span lang=\"EN-US\" style=\"font-size:9.0pt;font-family:宋体;mso-bidi-font-family:宋体;\ncolor:navy;mso-font-kerning:0pt\">NULL</span></b><span lang=\"EN-US\" style=\"font-size:9.0pt;font-family:宋体;mso-bidi-font-family:宋体;color:black;\nmso-font-kerning:0pt\">, </span><span lang=\"EN-US\" style=\"font-size:9.0pt;\nfont-family:宋体;mso-bidi-font-family:宋体;color:blue;mso-font-kerning:0pt\">2</span><span lang=\"EN-US\" style=\"font-size:9.0pt;font-family:宋体;mso-bidi-font-family:宋体;\ncolor:black;mso-font-kerning:0pt\">),<br>\n&nbsp;&nbsp;&nbsp;&nbsp;(</span><span lang=\"EN-US\" style=\"font-size:9.0pt;font-family:宋体;mso-bidi-font-family:宋体;color:blue;\nmso-font-kerning:0pt\">3</span><span lang=\"EN-US\" style=\"font-size:9.0pt;\nfont-family:宋体;mso-bidi-font-family:宋体;color:black;mso-font-kerning:0pt\">, </span><b><span lang=\"EN-US\" style=\"font-size:9.0pt;font-family:宋体;mso-bidi-font-family:宋体;\ncolor:green;mso-font-kerning:0pt\">\'</span></b><b><span style=\"font-size:9.0pt;\nfont-family:宋体;mso-bidi-font-family:宋体;color:green;mso-font-kerning:0pt\">信息系统<span lang=\"EN-US\">\'</span></span></b><span lang=\"EN-US\" style=\"font-size:9.0pt;\nfont-family:宋体;mso-bidi-font-family:宋体;color:black;mso-font-kerning:0pt\">, </span><span lang=\"EN-US\" style=\"font-size:9.0pt;font-family:宋体;mso-bidi-font-family:宋体;\ncolor:blue;mso-font-kerning:0pt\">1</span><span lang=\"EN-US\" style=\"font-size:\n9.0pt;font-family:宋体;mso-bidi-font-family:宋体;color:black;mso-font-kerning:0pt\">,\n</span><span lang=\"EN-US\" style=\"font-size:9.0pt;font-family:宋体;mso-bidi-font-family:\n宋体;color:blue;mso-font-kerning:0pt\">4</span><span lang=\"EN-US\" style=\"font-size:\n9.0pt;font-family:宋体;mso-bidi-font-family:宋体;color:black;mso-font-kerning:0pt\">),<br>\n&nbsp; &nbsp; &nbsp;(</span><span lang=\"EN-US\" style=\"font-size:9.0pt;font-family:宋体;mso-bidi-font-family:宋体;color:blue;\nmso-font-kerning:0pt\">4</span><span lang=\"EN-US\" style=\"font-size:9.0pt;\nfont-family:宋体;mso-bidi-font-family:宋体;color:black;mso-font-kerning:0pt\">, </span><b><span lang=\"EN-US\" style=\"font-size:9.0pt;font-family:宋体;mso-bidi-font-family:宋体;\ncolor:green;mso-font-kerning:0pt\">\'</span></b><b><span style=\"font-size:9.0pt;\nfont-family:宋体;mso-bidi-font-family:宋体;color:green;mso-font-kerning:0pt\">操作系统<span lang=\"EN-US\">\'</span></span></b><span lang=\"EN-US\" style=\"font-size:9.0pt;\nfont-family:宋体;mso-bidi-font-family:宋体;color:black;mso-font-kerning:0pt\">, </span><span lang=\"EN-US\" style=\"font-size:9.0pt;font-family:宋体;mso-bidi-font-family:宋体;\ncolor:blue;mso-font-kerning:0pt\">6</span><span lang=\"EN-US\" style=\"font-size:\n9.0pt;font-family:宋体;mso-bidi-font-family:宋体;color:black;mso-font-kerning:0pt\">,\n</span><span lang=\"EN-US\" style=\"font-size:9.0pt;font-family:宋体;mso-bidi-font-family:\n宋体;color:blue;mso-font-kerning:0pt\">3</span><span lang=\"EN-US\" style=\"font-size:\n9.0pt;font-family:宋体;mso-bidi-font-family:宋体;color:black;mso-font-kerning:0pt\">),<br>\n&nbsp; &nbsp; &nbsp;(</span><span lang=\"EN-US\" style=\"font-size:9.0pt;font-family:宋体;mso-bidi-font-family:宋体;color:blue;\nmso-font-kerning:0pt\">5</span><span lang=\"EN-US\" style=\"font-size:9.0pt;\nfont-family:宋体;mso-bidi-font-family:宋体;color:black;mso-font-kerning:0pt\">, </span><b><span lang=\"EN-US\" style=\"font-size:9.0pt;font-family:宋体;mso-bidi-font-family:宋体;\ncolor:green;mso-font-kerning:0pt\">\'</span></b><b><span style=\"font-size:9.0pt;\nfont-family:宋体;mso-bidi-font-family:宋体;color:green;mso-font-kerning:0pt\">数据结构<span lang=\"EN-US\">\'</span></span></b><span lang=\"EN-US\" style=\"font-size:9.0pt;\nfont-family:宋体;mso-bidi-font-family:宋体;color:black;mso-font-kerning:0pt\">, </span><span lang=\"EN-US\" style=\"font-size:9.0pt;font-family:宋体;mso-bidi-font-family:宋体;\ncolor:blue;mso-font-kerning:0pt\">7</span><span lang=\"EN-US\" style=\"font-size:\n9.0pt;font-family:宋体;mso-bidi-font-family:宋体;color:black;mso-font-kerning:0pt\">,\n</span><span lang=\"EN-US\" style=\"font-size:9.0pt;font-family:宋体;mso-bidi-font-family:\n宋体;color:blue;mso-font-kerning:0pt\">4</span><span lang=\"EN-US\" style=\"font-size:\n9.0pt;font-family:宋体;mso-bidi-font-family:宋体;color:black;mso-font-kerning:0pt\">),<br>\n&nbsp; &nbsp; &nbsp;(</span><span lang=\"EN-US\" style=\"font-size:9.0pt;font-family:宋体;mso-bidi-font-family:宋体;color:blue;\nmso-font-kerning:0pt\">6</span><span lang=\"EN-US\" style=\"font-size:9.0pt;\nfont-family:宋体;mso-bidi-font-family:宋体;color:black;mso-font-kerning:0pt\">, </span><b><span lang=\"EN-US\" style=\"font-size:9.0pt;font-family:宋体;mso-bidi-font-family:宋体;\ncolor:green;mso-font-kerning:0pt\">\'</span></b><b><span style=\"font-size:9.0pt;\nfont-family:宋体;mso-bidi-font-family:宋体;color:green;mso-font-kerning:0pt\">数据处理<span lang=\"EN-US\">\'</span></span></b><span lang=\"EN-US\" style=\"font-size:9.0pt;\nfont-family:宋体;mso-bidi-font-family:宋体;color:black;mso-font-kerning:0pt\">, </span><b><span lang=\"EN-US\" style=\"font-size:9.0pt;font-family:宋体;mso-bidi-font-family:宋体;\ncolor:navy;mso-font-kerning:0pt\">NULL</span></b><span lang=\"EN-US\" style=\"font-size:9.0pt;font-family:宋体;mso-bidi-font-family:宋体;color:black;\nmso-font-kerning:0pt\">, </span><span lang=\"EN-US\" style=\"font-size:9.0pt;\nfont-family:宋体;mso-bidi-font-family:宋体;color:blue;mso-font-kerning:0pt\">2</span><span lang=\"EN-US\" style=\"font-size:9.0pt;font-family:宋体;mso-bidi-font-family:宋体;\ncolor:black;mso-font-kerning:0pt\">),<br>\n&nbsp; &nbsp; &nbsp;(</span><span lang=\"EN-US\" style=\"font-size:9.0pt;font-family:宋体;mso-bidi-font-family:宋体;color:blue;\nmso-font-kerning:0pt\">7</span><span lang=\"EN-US\" style=\"font-size:9.0pt;\nfont-family:宋体;mso-bidi-font-family:宋体;color:black;mso-font-kerning:0pt\">, </span><b><span lang=\"EN-US\" style=\"font-size:9.0pt;font-family:宋体;mso-bidi-font-family:宋体;\ncolor:green;mso-font-kerning:0pt\">\'PASCAL</span></b><b><span style=\"font-size:\n9.0pt;font-family:宋体;mso-bidi-font-family:宋体;color:green;mso-font-kerning:0pt\">语言<span lang=\"EN-US\">\'</span></span></b><span lang=\"EN-US\" style=\"font-size:9.0pt;\nfont-family:宋体;mso-bidi-font-family:宋体;color:black;mso-font-kerning:0pt\">, </span><span lang=\"EN-US\" style=\"font-size:9.0pt;font-family:宋体;mso-bidi-font-family:宋体;\ncolor:blue;mso-font-kerning:0pt\">6</span><span lang=\"EN-US\" style=\"font-size:\n9.0pt;font-family:宋体;mso-bidi-font-family:宋体;color:black;mso-font-kerning:0pt\">,\n</span><span lang=\"EN-US\" style=\"font-size:9.0pt;font-family:宋体;mso-bidi-font-family:\n宋体;color:blue;mso-font-kerning:0pt\">4</span><span lang=\"EN-US\" style=\"font-size:\n9.0pt;font-family:宋体;mso-bidi-font-family:宋体;color:black;mso-font-kerning:0pt\">);<br>\n<br>\n</span><i><span lang=\"EN-US\" style=\"font-size:9.0pt;font-family:宋体;mso-bidi-font-family:\n宋体;color:gray;mso-font-kerning:0pt\">/*</span></i><i><span style=\"font-size:\n9.0pt;font-family:宋体;mso-bidi-font-family:宋体;color:gray;mso-font-kerning:0pt\">选课表<span lang=\"EN-US\">*/<br>\n</span></span></i><b><span lang=\"EN-US\" style=\"font-size:9.0pt;font-family:宋体;\nmso-bidi-font-family:宋体;color:navy;mso-font-kerning:0pt\">CREATE TABLE </span></b><span lang=\"EN-US\" style=\"font-size:9.0pt;font-family:宋体;mso-bidi-font-family:宋体;\ncolor:black;mso-font-kerning:0pt\">SC<br>\n(<br>\n&nbsp;&nbsp;&nbsp; </span><b><span lang=\"EN-US\" style=\"font-size:9.0pt;font-family:宋体;mso-bidi-font-family:宋体;color:#660E7A;\nmso-font-kerning:0pt\">Sno&nbsp;&nbsp;</span></b><b><span lang=\"EN-US\" style=\"font-size:9.0pt;font-family:宋体;mso-bidi-font-family:宋体;\ncolor:navy;mso-font-kerning:0pt\">INT</span></b><span lang=\"EN-US\" style=\"font-size:9.0pt;font-family:宋体;mso-bidi-font-family:宋体;color:black;\nmso-font-kerning:0pt\">(</span><span lang=\"EN-US\" style=\"font-size:9.0pt;\nfont-family:宋体;mso-bidi-font-family:宋体;color:blue;mso-font-kerning:0pt\">9</span><span lang=\"EN-US\" style=\"font-size:9.0pt;font-family:宋体;mso-bidi-font-family:宋体;\ncolor:black;mso-font-kerning:0pt\">),<br>\n&nbsp;&nbsp;&nbsp; </span><b><span lang=\"EN-US\" style=\"font-size:9.0pt;font-family:宋体;mso-bidi-font-family:宋体;color:#660E7A;\nmso-font-kerning:0pt\">Cno&nbsp;&nbsp;</span></b><b><span lang=\"EN-US\" style=\"font-size:9.0pt;font-family:宋体;mso-bidi-font-family:宋体;\ncolor:navy;mso-font-kerning:0pt\">INT</span></b><span lang=\"EN-US\" style=\"font-size:9.0pt;font-family:宋体;mso-bidi-font-family:宋体;color:black;\nmso-font-kerning:0pt\">(</span><span lang=\"EN-US\" style=\"font-size:9.0pt;\nfont-family:宋体;mso-bidi-font-family:宋体;color:blue;mso-font-kerning:0pt\">4</span><span lang=\"EN-US\" style=\"font-size:9.0pt;font-family:宋体;mso-bidi-font-family:宋体;\ncolor:black;mso-font-kerning:0pt\">),<br>\n&nbsp;&nbsp;&nbsp; </span><b><span lang=\"EN-US\" style=\"font-size:9.0pt;font-family:宋体;mso-bidi-font-family:宋体;color:#660E7A;\nmso-font-kerning:0pt\">Grade&nbsp;</span></b><b><span lang=\"EN-US\" style=\"font-size:\n9.0pt;font-family:宋体;mso-bidi-font-family:宋体;color:navy;mso-font-kerning:0pt\">SMALLINT</span></b><span lang=\"EN-US\" style=\"font-size:9.0pt;font-family:宋体;mso-bidi-font-family:宋体;\ncolor:black;mso-font-kerning:0pt\">(</span><span lang=\"EN-US\" style=\"font-size:\n9.0pt;font-family:宋体;mso-bidi-font-family:宋体;color:blue;mso-font-kerning:0pt\">3</span><span lang=\"EN-US\" style=\"font-size:9.0pt;font-family:宋体;mso-bidi-font-family:宋体;\ncolor:black;mso-font-kerning:0pt\">),<br>\n&nbsp;&nbsp;&nbsp; </span><b><span lang=\"EN-US\" style=\"font-size:9.0pt;font-family:宋体;mso-bidi-font-family:宋体;color:navy;\nmso-font-kerning:0pt\">PRIMARY KEY </span></b><span lang=\"EN-US\" style=\"font-size:\n9.0pt;font-family:宋体;mso-bidi-font-family:宋体;color:black;mso-font-kerning:0pt\">(</span><b><span lang=\"EN-US\" style=\"font-size:9.0pt;font-family:宋体;mso-bidi-font-family:宋体;\ncolor:#660E7A;mso-font-kerning:0pt\">Sno</span></b><span lang=\"EN-US\" style=\"font-size:9.0pt;font-family:宋体;mso-bidi-font-family:宋体;color:black;\nmso-font-kerning:0pt\">, </span><b><span lang=\"EN-US\" style=\"font-size:9.0pt;\nfont-family:宋体;mso-bidi-font-family:宋体;color:#660E7A;mso-font-kerning:0pt\">Cno</span></b><span lang=\"EN-US\" style=\"font-size:9.0pt;font-family:宋体;mso-bidi-font-family:宋体;\ncolor:black;mso-font-kerning:0pt\">),<br>\n</span><i><span lang=\"EN-US\" style=\"font-size:9.0pt;font-family:宋体;mso-bidi-font-family:\n宋体;color:gray;mso-font-kerning:0pt\">/* </span></i><i><span style=\"font-size:\n9.0pt;font-family:宋体;mso-bidi-font-family:宋体;color:gray;mso-font-kerning:0pt\">主码由两个属性构成，必须作为表级完整性进行定义<span lang=\"EN-US\">*/<br>\n&nbsp;&nbsp;&nbsp; </span></span></i><b><span lang=\"EN-US\" style=\"font-size:9.0pt;font-family:宋体;mso-bidi-font-family:宋体;\ncolor:navy;mso-font-kerning:0pt\">FOREIGN KEY </span></b><span lang=\"EN-US\" style=\"font-size:9.0pt;font-family:宋体;mso-bidi-font-family:宋体;color:black;\nmso-font-kerning:0pt\">(</span><b><span lang=\"EN-US\" style=\"font-size:9.0pt;\nfont-family:宋体;mso-bidi-font-family:宋体;color:#660E7A;mso-font-kerning:0pt\">Sno</span></b><span lang=\"EN-US\" style=\"font-size:9.0pt;font-family:宋体;mso-bidi-font-family:宋体;\ncolor:black;mso-font-kerning:0pt\">) </span><b><span lang=\"EN-US\" style=\"font-size:9.0pt;font-family:宋体;mso-bidi-font-family:宋体;color:navy;\nmso-font-kerning:0pt\">REFERENCES </span></b><span lang=\"EN-US\" style=\"font-size:\n9.0pt;font-family:宋体;mso-bidi-font-family:宋体;color:black;mso-font-kerning:0pt\">Student\n(</span><b><span lang=\"EN-US\" style=\"font-size:9.0pt;font-family:宋体;mso-bidi-font-family:\n宋体;color:#660E7A;mso-font-kerning:0pt\">Sno</span></b><span lang=\"EN-US\" style=\"font-size:9.0pt;font-family:宋体;mso-bidi-font-family:宋体;color:black;\nmso-font-kerning:0pt\">),<br>\n</span><i><span lang=\"EN-US\" style=\"font-size:9.0pt;font-family:宋体;mso-bidi-font-family:\n宋体;color:gray;mso-font-kerning:0pt\">/* </span></i><i><span style=\"font-size:\n9.0pt;font-family:宋体;mso-bidi-font-family:宋体;color:gray;mso-font-kerning:0pt\">表级完整性约束条件，<span lang=\"EN-US\">Sno</span>是外码，被参照表是<span lang=\"EN-US\">Student */<br>\n&nbsp;&nbsp;&nbsp; </span></span></i><b><span lang=\"EN-US\" style=\"font-size:9.0pt;font-family:宋体;mso-bidi-font-family:宋体;\ncolor:navy;mso-font-kerning:0pt\">FOREIGN KEY </span></b><span lang=\"EN-US\" style=\"font-size:9.0pt;font-family:宋体;mso-bidi-font-family:宋体;color:black;\nmso-font-kerning:0pt\">(</span><b><span lang=\"EN-US\" style=\"font-size:9.0pt;\nfont-family:宋体;mso-bidi-font-family:宋体;color:#660E7A;mso-font-kerning:0pt\">Cno</span></b><span lang=\"EN-US\" style=\"font-size:9.0pt;font-family:宋体;mso-bidi-font-family:宋体;\ncolor:black;mso-font-kerning:0pt\">) </span><b><span lang=\"EN-US\" style=\"font-size:9.0pt;font-family:宋体;mso-bidi-font-family:宋体;color:navy;\nmso-font-kerning:0pt\">REFERENCES </span></b><span lang=\"EN-US\" style=\"font-size:\n9.0pt;font-family:宋体;mso-bidi-font-family:宋体;color:black;mso-font-kerning:0pt\">Course\n(</span><b><span lang=\"EN-US\" style=\"font-size:9.0pt;font-family:宋体;mso-bidi-font-family:\n宋体;color:#660E7A;mso-font-kerning:0pt\">Cno</span></b><span lang=\"EN-US\" style=\"font-size:9.0pt;font-family:宋体;mso-bidi-font-family:宋体;color:black;\nmso-font-kerning:0pt\">)<br>\n</span><i><span lang=\"EN-US\" style=\"font-size:9.0pt;font-family:宋体;mso-bidi-font-family:\n宋体;color:gray;mso-font-kerning:0pt\">/* </span></i><i><span style=\"font-size:\n9.0pt;font-family:宋体;mso-bidi-font-family:宋体;color:gray;mso-font-kerning:0pt\">表级完整性约束条件，\n<span lang=\"EN-US\">Cno</span>是外码，被参照表是<span lang=\"EN-US\">Course*/<br>\n</span></span></i><span lang=\"EN-US\" style=\"font-size:9.0pt;font-family:宋体;\nmso-bidi-font-family:宋体;color:black;mso-font-kerning:0pt\">);<br>\n</span><b><span lang=\"EN-US\" style=\"font-size:9.0pt;font-family:宋体;mso-bidi-font-family:\n宋体;color:navy;mso-font-kerning:0pt\">INSERT INTO </span></b><span lang=\"EN-US\" style=\"font-size:9.0pt;font-family:宋体;mso-bidi-font-family:宋体;color:black;\nmso-font-kerning:0pt\">SC<br>\n</span><b><span lang=\"EN-US\" style=\"font-size:9.0pt;font-family:宋体;mso-bidi-font-family:\n宋体;color:navy;mso-font-kerning:0pt\">VALUES&nbsp;</span></b><span lang=\"EN-US\" style=\"font-size:9.0pt;font-family:宋体;mso-bidi-font-family:宋体;color:black;\nmso-font-kerning:0pt\">(</span><span lang=\"EN-US\" style=\"font-size:9.0pt;\nfont-family:宋体;mso-bidi-font-family:宋体;color:blue;mso-font-kerning:0pt\">201215121</span><span lang=\"EN-US\" style=\"font-size:9.0pt;font-family:宋体;mso-bidi-font-family:宋体;\ncolor:black;mso-font-kerning:0pt\">, </span><span lang=\"EN-US\" style=\"font-size:\n9.0pt;font-family:宋体;mso-bidi-font-family:宋体;color:blue;mso-font-kerning:0pt\">1</span><span lang=\"EN-US\" style=\"font-size:9.0pt;font-family:宋体;mso-bidi-font-family:宋体;\ncolor:black;mso-font-kerning:0pt\">, </span><span lang=\"EN-US\" style=\"font-size:\n9.0pt;font-family:宋体;mso-bidi-font-family:宋体;color:blue;mso-font-kerning:0pt\">92</span><span lang=\"EN-US\" style=\"font-size:9.0pt;font-family:宋体;mso-bidi-font-family:宋体;\ncolor:black;mso-font-kerning:0pt\">),<br>\n&nbsp; &nbsp; &nbsp;(</span><span lang=\"EN-US\" style=\"font-size:9.0pt;font-family:宋体;mso-bidi-font-family:宋体;color:blue;\nmso-font-kerning:0pt\">201215121</span><span lang=\"EN-US\" style=\"font-size:9.0pt;\nfont-family:宋体;mso-bidi-font-family:宋体;color:black;mso-font-kerning:0pt\">, </span><span lang=\"EN-US\" style=\"font-size:9.0pt;font-family:宋体;mso-bidi-font-family:宋体;\ncolor:blue;mso-font-kerning:0pt\">2</span><span lang=\"EN-US\" style=\"font-size:\n9.0pt;font-family:宋体;mso-bidi-font-family:宋体;color:black;mso-font-kerning:0pt\">,\n</span><span lang=\"EN-US\" style=\"font-size:9.0pt;font-family:宋体;mso-bidi-font-family:\n宋体;color:blue;mso-font-kerning:0pt\">85</span><span lang=\"EN-US\" style=\"font-size:\n9.0pt;font-family:宋体;mso-bidi-font-family:宋体;color:black;mso-font-kerning:0pt\">),<br>\n&nbsp;&nbsp;&nbsp;&nbsp;(</span><span lang=\"EN-US\" style=\"font-size:9.0pt;font-family:宋体;mso-bidi-font-family:宋体;color:blue;\nmso-font-kerning:0pt\">201215121</span><span lang=\"EN-US\" style=\"font-size:9.0pt;\nfont-family:宋体;mso-bidi-font-family:宋体;color:black;mso-font-kerning:0pt\">, </span><span lang=\"EN-US\" style=\"font-size:9.0pt;font-family:宋体;mso-bidi-font-family:宋体;\ncolor:blue;mso-font-kerning:0pt\">3</span><span lang=\"EN-US\" style=\"font-size:\n9.0pt;font-family:宋体;mso-bidi-font-family:宋体;color:black;mso-font-kerning:0pt\">,\n</span><span lang=\"EN-US\" style=\"font-size:9.0pt;font-family:宋体;mso-bidi-font-family:\n宋体;color:blue;mso-font-kerning:0pt\">88</span><span lang=\"EN-US\" style=\"font-size:\n9.0pt;font-family:宋体;mso-bidi-font-family:宋体;color:black;mso-font-kerning:0pt\">),<br>\n&nbsp; &nbsp; &nbsp;(</span><span lang=\"EN-US\" style=\"font-size:9.0pt;font-family:宋体;mso-bidi-font-family:宋体;color:blue;\nmso-font-kerning:0pt\">201215122</span><span lang=\"EN-US\" style=\"font-size:9.0pt;\nfont-family:宋体;mso-bidi-font-family:宋体;color:black;mso-font-kerning:0pt\">, </span><span lang=\"EN-US\" style=\"font-size:9.0pt;font-family:宋体;mso-bidi-font-family:宋体;\ncolor:blue;mso-font-kerning:0pt\">2</span><span lang=\"EN-US\" style=\"font-size:\n9.0pt;font-family:宋体;mso-bidi-font-family:宋体;color:black;mso-font-kerning:0pt\">,\n</span><span lang=\"EN-US\" style=\"font-size:9.0pt;font-family:宋体;mso-bidi-font-family:\n宋体;color:blue;mso-font-kerning:0pt\">90</span><span lang=\"EN-US\" style=\"font-size:\n9.0pt;font-family:宋体;mso-bidi-font-family:宋体;color:black;mso-font-kerning:0pt\">),<br>\n&nbsp;&nbsp;&nbsp;&nbsp;(</span><span lang=\"EN-US\" style=\"font-size:9.0pt;font-family:宋体;mso-bidi-font-family:宋体;color:blue;\nmso-font-kerning:0pt\">201215122</span><span lang=\"EN-US\" style=\"font-size:9.0pt;\nfont-family:宋体;mso-bidi-font-family:宋体;color:black;mso-font-kerning:0pt\">, </span><span lang=\"EN-US\" style=\"font-size:9.0pt;font-family:宋体;mso-bidi-font-family:宋体;\ncolor:blue;mso-font-kerning:0pt\">3</span><span lang=\"EN-US\" style=\"font-size:\n9.0pt;font-family:宋体;mso-bidi-font-family:宋体;color:black;mso-font-kerning:0pt\">,\n</span><span lang=\"EN-US\" style=\"font-size:9.0pt;font-family:宋体;mso-bidi-font-family:\n宋体;color:blue;mso-font-kerning:0pt\">80</span><span lang=\"EN-US\" style=\"font-size:\n9.0pt;font-family:宋体;mso-bidi-font-family:宋体;color:black;mso-font-kerning:0pt\">),<br>\n&nbsp; &nbsp; &nbsp;(</span><span lang=\"EN-US\" style=\"font-size:9.0pt;font-family:宋体;mso-bidi-font-family:宋体;color:blue;\nmso-font-kerning:0pt\">201215122</span><span lang=\"EN-US\" style=\"font-size:9.0pt;\nfont-family:宋体;mso-bidi-font-family:宋体;color:black;mso-font-kerning:0pt\">, </span><span lang=\"EN-US\" style=\"font-size:9.0pt;font-family:宋体;mso-bidi-font-family:宋体;\ncolor:blue;mso-font-kerning:0pt\">6</span><span lang=\"EN-US\" style=\"font-size:\n9.0pt;font-family:宋体;mso-bidi-font-family:宋体;color:black;mso-font-kerning:0pt\">,\n</span><span lang=\"EN-US\" style=\"font-size:9.0pt;font-family:宋体;mso-bidi-font-family:\n宋体;color:blue;mso-font-kerning:0pt\">59</span><span lang=\"EN-US\" style=\"font-size:\n9.0pt;font-family:宋体;mso-bidi-font-family:宋体;color:black;mso-font-kerning:0pt\">),<br>\n&nbsp; &nbsp; &nbsp;(</span><span lang=\"EN-US\" style=\"font-size:9.0pt;font-family:宋体;mso-bidi-font-family:宋体;color:blue;\nmso-font-kerning:0pt\">201215123</span><span lang=\"EN-US\" style=\"font-size:9.0pt;\nfont-family:宋体;mso-bidi-font-family:宋体;color:black;mso-font-kerning:0pt\">, </span><span lang=\"EN-US\" style=\"font-size:9.0pt;font-family:宋体;mso-bidi-font-family:宋体;\ncolor:blue;mso-font-kerning:0pt\">1</span><span lang=\"EN-US\" style=\"font-size:\n9.0pt;font-family:宋体;mso-bidi-font-family:宋体;color:black;mso-font-kerning:0pt\">,\n</span><span lang=\"EN-US\" style=\"font-size:9.0pt;font-family:宋体;mso-bidi-font-family:\n宋体;color:blue;mso-font-kerning:0pt\">84</span><span lang=\"EN-US\" style=\"font-size:\n9.0pt;font-family:宋体;mso-bidi-font-family:宋体;color:black;mso-font-kerning:0pt\">),<br>&nbsp; &nbsp; &nbsp;(</span><span lang=\"EN-US\" style=\"font-size:9.0pt;font-family:宋体;mso-bidi-font-family:宋体;color:blue;\nmso-font-kerning:0pt\">201215125</span><span lang=\"EN-US\" style=\"font-size:9.0pt;\nfont-family:宋体;mso-bidi-font-family:宋体;color:black;mso-font-kerning:0pt\">, </span><span lang=\"EN-US\" style=\"font-size:9.0pt;font-family:宋体;mso-bidi-font-family:宋体;\ncolor:blue;mso-font-kerning:0pt\">1</span><span lang=\"EN-US\" style=\"font-size:\n9.0pt;font-family:宋体;mso-bidi-font-family:宋体;color:black;mso-font-kerning:0pt\">,\n</span><span lang=\"EN-US\" style=\"font-size:9.0pt;font-family:宋体;mso-bidi-font-family:\n宋体;color:blue;mso-font-kerning:0pt\">60</span><span lang=\"EN-US\" style=\"font-size:\n9.0pt;font-family:宋体;mso-bidi-font-family:宋体;color:black;mso-font-kerning:0pt\">),<br>\n&nbsp;&nbsp; &nbsp; (</span><span lang=\"EN-US\" style=\"font-size:9.0pt;font-family:宋体;\nmso-bidi-font-family:宋体;color:blue;mso-font-kerning:0pt\">201215125</span><span lang=\"EN-US\" style=\"font-size:9.0pt;font-family:宋体;mso-bidi-font-family:宋体;\ncolor:black;mso-font-kerning:0pt\">, </span><span lang=\"EN-US\" style=\"font-size:\n9.0pt;font-family:宋体;mso-bidi-font-family:宋体;color:blue;mso-font-kerning:0pt\">3</span><span lang=\"EN-US\" style=\"font-size:9.0pt;font-family:宋体;mso-bidi-font-family:宋体;\ncolor:black;mso-font-kerning:0pt\">, </span><span lang=\"EN-US\" style=\"font-size:\n9.0pt;font-family:宋体;mso-bidi-font-family:宋体;color:blue;mso-font-kerning:0pt\">90</span><span lang=\"EN-US\" style=\"font-size:9.0pt;font-family:宋体;mso-bidi-font-family:宋体;\ncolor:black;mso-font-kerning:0pt\">),<br>\n&nbsp; &nbsp; &nbsp;(</span><span lang=\"EN-US\" style=\"font-size:9.0pt;font-family:宋体;mso-bidi-font-family:宋体;color:blue;\nmso-font-kerning:0pt\">201215133</span><span lang=\"EN-US\" style=\"font-size:9.0pt;\nfont-family:宋体;mso-bidi-font-family:宋体;color:black;mso-font-kerning:0pt\">, </span><span lang=\"EN-US\" style=\"font-size:9.0pt;font-family:宋体;mso-bidi-font-family:宋体;\ncolor:blue;mso-font-kerning:0pt\">4</span><span lang=\"EN-US\" style=\"font-size:\n9.0pt;font-family:宋体;mso-bidi-font-family:宋体;color:black;mso-font-kerning:0pt\">,\n</span><span lang=\"EN-US\" style=\"font-size:9.0pt;font-family:宋体;mso-bidi-font-family:\n宋体;color:blue;mso-font-kerning:0pt\">87</span><span lang=\"EN-US\" style=\"font-size:\n9.0pt;font-family:宋体;mso-bidi-font-family:宋体;color:black;mso-font-kerning:0pt\">),<br>\n&nbsp; &nbsp; &nbsp;(</span><span lang=\"EN-US\" style=\"font-size:9.0pt;font-family:宋体;mso-bidi-font-family:宋体;color:blue;\nmso-font-kerning:0pt\">201215137</span><span lang=\"EN-US\" style=\"font-size:9.0pt;\nfont-family:宋体;mso-bidi-font-family:宋体;color:black;mso-font-kerning:0pt\">, </span><span lang=\"EN-US\" style=\"font-size:9.0pt;font-family:宋体;mso-bidi-font-family:宋体;\ncolor:blue;mso-font-kerning:0pt\">2</span><span lang=\"EN-US\" style=\"font-size:\n9.0pt;font-family:宋体;mso-bidi-font-family:宋体;color:black;mso-font-kerning:0pt\">,\n</span><span lang=\"EN-US\" style=\"font-size:9.0pt;font-family:宋体;mso-bidi-font-family:\n宋体;color:blue;mso-font-kerning:0pt\">79</span><span lang=\"EN-US\" style=\"font-size:\n9.0pt;font-family:宋体;mso-bidi-font-family:宋体;color:black;mso-font-kerning:0pt\">),<br>\n&nbsp; &nbsp; &nbsp;(</span><span lang=\"EN-US\" style=\"font-size:9.0pt;font-family:宋体;mso-bidi-font-family:宋体;color:blue;\nmso-font-kerning:0pt\">201215139</span><span lang=\"EN-US\" style=\"font-size:9.0pt;\nfont-family:宋体;mso-bidi-font-family:宋体;color:black;mso-font-kerning:0pt\">, </span><span lang=\"EN-US\" style=\"font-size:9.0pt;font-family:宋体;mso-bidi-font-family:宋体;\ncolor:blue;mso-font-kerning:0pt\">2</span><span lang=\"EN-US\" style=\"font-size:\n9.0pt;font-family:宋体;mso-bidi-font-family:宋体;color:black;mso-font-kerning:0pt\">,\n</span><span lang=\"EN-US\" style=\"font-size:9.0pt;font-family:宋体;mso-bidi-font-family:\n宋体;color:blue;mso-font-kerning:0pt\">80</span><span lang=\"EN-US\" style=\"font-size:\n9.0pt;font-family:宋体;mso-bidi-font-family:宋体;color:black;mso-font-kerning:0pt\">),<br>\n&nbsp; &nbsp; &nbsp;(</span><span lang=\"EN-US\" style=\"font-size:9.0pt;font-family:宋体;mso-bidi-font-family:宋体;color:blue;\nmso-font-kerning:0pt\">201215140</span><span lang=\"EN-US\" style=\"font-size:9.0pt;\nfont-family:宋体;mso-bidi-font-family:宋体;color:black;mso-font-kerning:0pt\">, </span><span lang=\"EN-US\" style=\"font-size:9.0pt;font-family:宋体;mso-bidi-font-family:宋体;\ncolor:blue;mso-font-kerning:0pt\">2</span><span lang=\"EN-US\" style=\"font-size:\n9.0pt;font-family:宋体;mso-bidi-font-family:宋体;color:black;mso-font-kerning:0pt\">,\n</span><span lang=\"EN-US\" style=\"font-size:9.0pt;font-family:宋体;mso-bidi-font-family:\n宋体;color:blue;mso-font-kerning:0pt\">81</span><span lang=\"EN-US\" style=\"font-size:\n9.0pt;font-family:宋体;mso-bidi-font-family:宋体;color:black;mso-font-kerning:0pt\">);<br>\n<br>\n</span><b><span lang=\"EN-US\" style=\"font-size:9.0pt;font-family:宋体;mso-bidi-font-family:\n宋体;color:navy;mso-font-kerning:0pt\">SET </span></b><span lang=\"EN-US\" style=\"font-size:9.0pt;font-family:宋体;mso-bidi-font-family:宋体;color:black;\nmso-font-kerning:0pt\">FOREIGN_KEY_CHECKS = </span><span lang=\"EN-US\" style=\"font-size:9.0pt;font-family:宋体;mso-bidi-font-family:宋体;color:blue;\nmso-font-kerning:0pt\">1</span><span lang=\"EN-US\" style=\"font-size:9.0pt;\nfont-family:宋体;mso-bidi-font-family:宋体;color:black;mso-font-kerning:0pt\">;</span></p><p></p>', '输入说明', '输出说明', '样例输入', '样例输出', '提示', 1000, 262144, 0, 0, 1, '1.0');
INSERT INTO `roj_problem` VALUES (4, 'SQL: 选择年龄大于20岁的学生', '描述', '输入说明', '输出说明', '样例输入', '样例输出', '提示', 1000, 262144, 0, 0, 0, '1.0');
INSERT INTO `roj_problem` VALUES (5, 'SQL: 新增一名学生', '描述', '输入说明', '输出说明', '样例输入', '样例输出', '提示', 1000, 262144, 0, 0, 0, '1.0');
INSERT INTO `roj_problem` VALUES (6, 'C语言: 最小公倍数', '描述', '输入说明', '输出说明', '样例输入', '样例输出', '提示', 1000, 262144, 0, 0, 0, '1.0');
INSERT INTO `roj_problem` VALUES (7, 'C语言: 最大公约数', '描述', '输入说明', '输出说明', '样例输入', '样例输出', '提示', 1000, 262144, 0, 0, 0, '1.0');
INSERT INTO `roj_problem` VALUES (8, 'C语言: 水仙花数', '描述', '输入说明', '输出说明', '样例输入', '样例输出', '提示', 1000, 262144, 0, 0, 0, '1.0');
INSERT INTO `roj_problem` VALUES (9, 'C语言: 数组排序', '描述', '输入说明', '输出说明', '样例输入', '样例输出', '提示', 1000, 262144, 0, 0, 0, '1.0');
INSERT INTO `roj_problem` VALUES (10, 'C语言: 最大的数', '描述', '输入说明', '输出说明', '样例输入', '样例输出', '提示', 1000, 262144, 0, 0, 0, '1.0');
INSERT INTO `roj_problem` VALUES (11, 'C语言: 打印菱形', '描述', '输入说明', '输出说明', '样例输入', '样例输出', '提示', 1000, 262144, 0, 0, 0, '1.0');
INSERT INTO `roj_problem` VALUES (12, 'C语言: 进制转换', '描述', '输入说明', '输出说明', '样例输入', '样例输出', '提示', 1000, 262144, 0, 0, 0, '1.0');
INSERT INTO `roj_problem` VALUES (13, '数据结构: 创建链表', '描述', '输入说明', '输出说明', '样例输入', '样例输出', '提示', 1000, 262144, 0, 0, 0, '1.0');
INSERT INTO `roj_problem` VALUES (14, '数据结构: 删除链表节点', '描述', '输入说明', '输出说明', '样例输入', '样例输出', '提示', 1000, 262144, 0, 0, 0, '1.0');
INSERT INTO `roj_problem` VALUES (15, '数据结构: 反转链表', '描述', '输入说明', '输出说明', '样例输入', '样例输出', '提示', 1000, 262144, 0, 0, 0, '1.0');
INSERT INTO `roj_problem` VALUES (16, '数据结构: 最短路', '描述', '输入说明', '输出说明', '样例输入', '样例输出', '提示', 1000, 262144, 0, 0, 0, '1.0');
INSERT INTO `roj_problem` VALUES (17, '数据结构: 二叉树', '描述', '输入说明', '输出说明', '样例输入', '样例输出', '提示', 1000, 262144, 0, 0, 0, '1.0');
INSERT INTO `roj_problem` VALUES (18, '数据结构: 迪杰斯特拉算法', '描述', '输入说明', '输出说明', '样例输入', '样例输出', '提示', 1000, 262144, 0, 0, 0, '1.0');
INSERT INTO `roj_problem` VALUES (19, 'Java: 基本输入输出', '描述', '输入说明', '输出说明', '样例输入', '样例输出', '提示', 1000, 262144, 0, 0, 0, '1.0');
INSERT INTO `roj_problem` VALUES (20, 'Java: If练习', '描述', '输入说明', '输出说明', '样例输入', '样例输出', '提示', 1000, 262144, 0, 0, 0, '1.0');
INSERT INTO `roj_problem` VALUES (21, 'Java: 循环练习', '描述', '输入说明', '输出说明', '样例输入', '样例输出', '提示', 1000, 262144, 0, 0, 0, '1.0');
INSERT INTO `roj_problem` VALUES (22, 'Java: 格式化输出', '描述', '输入说明', '输出说明', '样例输入', '样例输出', '提示', 1000, 262144, 0, 0, 0, '1.0');
INSERT INTO `roj_problem` VALUES (23, '蓝桥杯: 买不到的数目', '描述', '输入说明', '输出说明', '样例输入', '样例输出', '提示', 1000, 262144, 0, 0, 0, '1.0');
INSERT INTO `roj_problem` VALUES (24, '蓝桥杯: 叠罗汉', '描述', '输入说明', '输出说明', '样例输入', '样例输出', '提示', 1000, 262144, 0, 0, 0, '1.0');
INSERT INTO `roj_problem` VALUES (25, '蓝桥杯: 小明的手表', '描述', '输入说明', '输出说明', '样例输入', '样例输出', '提示', 1000, 262144, 0, 0, 0, '1.0');
INSERT INTO `roj_problem` VALUES (26, '蓝桥杯: 卖包子', '描述', '输入说明', '输出说明', '样例输入', '样例输出', '提示', 1000, 262144, 0, 0, 0, '1.0');
INSERT INTO `roj_problem` VALUES (27, '蓝桥杯: 星球大战', '描述', '输入说明', '输出说明', '样例输入', '样例输出', '提示', 1000, 262144, 0, 0, 0, '1.0');
INSERT INTO `roj_problem` VALUES (28, '大数乘法', '描述', '输入说明', '输出说明', '样例输入', '样例输出', '提示', 1000, 262144, 0, 0, 0, '1.0');
INSERT INTO `roj_problem` VALUES (29, '大数减法', '描述', '输入说明', '输出说明', '样例输入', '样例输出', '提示', 1000, 262144, 0, 0, 0, '1.0');
INSERT INTO `roj_problem` VALUES (30, '大数加法', '描述', '输入说明', '输出说明', '样例输入', '样例输出', '提示', 1000, 262144, 0, 0, 0, '1.0');
INSERT INTO `roj_problem` VALUES (31, 'EOF练习', '描述', '输入说明', '输出说明', '样例输入', '样例输出', '提示', 1000, 262144, 0, 0, 0, '1.0');
INSERT INTO `roj_problem` VALUES (32, '蓝桥杯: 不可能的比赛', '描述', '输入说明', '输出说明', '样例输入', '样例输出', '提示', 1000, 262144, 0, 0, 0, '1.0');
INSERT INTO `roj_problem` VALUES (33, '蓝桥杯: 睡不醒的小华', '描述', '输入说明', '输出说明', '样例输入', '样例输出', '提示', 1000, 262144, 0, 0, 0, '1.0');
INSERT INTO `roj_problem` VALUES (34, '蓝桥杯: 最短的路径', '描述', '输入说明', '输出说明', '样例输入', '样例输出', '提示', 1000, 262144, 0, 0, 0, '1.0');
INSERT INTO `roj_problem` VALUES (35, '蓝桥杯: 染色', '描述', '输入说明', '输出说明', '样例输入', '样例输出', '提示', 1000, 262144, 0, 0, 0, '1.0');
INSERT INTO `roj_problem` VALUES (36, '机智的阿瑜', '描述', '输入说明', '输出说明', '样例输入', '样例输出', '提示', 1000, 262144, 0, 0, 0, '1.0');
INSERT INTO `roj_problem` VALUES (37, '拙劣的萨尔', '描述', '输入说明', '输出说明', '样例输入', '样例输出', '提示', 1000, 262144, 0, 0, 0, '1.0');
INSERT INTO `roj_problem` VALUES (38, '迟到的阿轩', '描述', '输入说明', '输出说明', '样例输入', '样例输出', '提示', 1000, 262144, 0, 0, 0, '1.0');
INSERT INTO `roj_problem` VALUES (39, 'SQL: Group By练习', '描述', '输入说明', '输出说明', '样例输入', '样例输出', '提示', 1000, 262144, 0, 0, 0, '1.0');
INSERT INTO `roj_problem` VALUES (40, 'SQL: 统计人数', '描述', '输入说明', '输出说明', '样例输入', '样例输出', '提示', 1000, 262144, 0, 0, 0, '1.0');
INSERT INTO `roj_problem` VALUES (41, 'SQL: 选择计信1701的同学们', '描述', '输入说明', '输出说明', '样例输入', '样例输出', '提示', 1000, 262144, 0, 0, 0, '1.0');
INSERT INTO `roj_problem` VALUES (42, 'SQL: 右外连接', '描述', '输入说明', '输出说明', '样例输入', '样例输出', '提示', 1000, 262144, 0, 0, 0, '1.0');
INSERT INTO `roj_problem` VALUES (43, 'SQL: 左外链接', '描述', '输入说明', '输出说明', '样例输入', '样例输出', '提示', 1000, 262144, 0, 0, 0, '1.0');
INSERT INTO `roj_problem` VALUES (44, 'SQL: 选择选修了近代史的学生', '描述', '输入说明', '输出说明', '样例输入', '样例输出', '提示', 1000, 262144, 0, 0, 0, '1.0');
INSERT INTO `roj_problem` VALUES (45, 'SQL: 更新学生信息', '描述', '输入说明', '输出说明', '样例输入', '样例输出', '提示', 1000, 262144, 0, 0, 0, '1.0');
INSERT INTO `roj_problem` VALUES (46, 'SQL: 删除一名学生', '描述', '输入说明', '输出说明', '样例输入', '样例输出', '提示', 1000, 262144, 0, 0, 0, '1.0');

-- ----------------------------
-- Table structure for roj_solution
-- ----------------------------
DROP TABLE IF EXISTS `roj_solution`;
CREATE TABLE `roj_solution`  (
  `solu_id` int(11) UNSIGNED NOT NULL AUTO_INCREMENT,
  `solu_user_id` int(11) UNSIGNED NOT NULL,
  `solu_prob_id` int(11) UNSIGNED NOT NULL,
  `solu_language` int(11) NOT NULL,
  `solu_sourcecode` text CHARACTER SET utf8mb4 COLLATE utf8mb4_general_ci NOT NULL,
  `solu_code_length` int(11) UNSIGNED NOT NULL,
  `solu_result` int(11) NOT NULL DEFAULT 10,
  `solu_time_cost` int(11) UNSIGNED NOT NULL DEFAULT 0,
  `solu_memory_cost` int(11) UNSIGNED NOT NULL DEFAULT 0,
  `solu_submit_time` datetime(0) NOT NULL DEFAULT CURRENT_TIMESTAMP(0) ON UPDATE CURRENT_TIMESTAMP(0),
  `solu_cont_id` int(11) UNSIGNED NULL DEFAULT NULL,
  PRIMARY KEY (`solu_id`) USING BTREE,
  INDEX `fk_solu_user_id`(`solu_user_id`) USING BTREE,
  INDEX `fk_solu_prob_id`(`solu_prob_id`) USING BTREE,
  INDEX `pk_solu_id`(`solu_id`) USING BTREE,
  INDEX `idx_solu_result`(`solu_result`) USING BTREE,
  INDEX `fk_solu_cont_id`(`solu_cont_id`) USING BTREE,
  CONSTRAINT `fk_solu_cont_id` FOREIGN KEY (`solu_cont_id`) REFERENCES `roj_contest` (`cont_id`) ON DELETE RESTRICT ON UPDATE RESTRICT,
  CONSTRAINT `fk_solu_prob_id` FOREIGN KEY (`solu_prob_id`) REFERENCES `roj_problem` (`prob_id`) ON DELETE RESTRICT ON UPDATE RESTRICT,
  CONSTRAINT `fk_solu_user_id` FOREIGN KEY (`solu_user_id`) REFERENCES `roj_user` (`user_id`) ON DELETE RESTRICT ON UPDATE RESTRICT
) ENGINE = InnoDB AUTO_INCREMENT = 1 CHARACTER SET = utf8mb4 COLLATE = utf8mb4_general_ci ROW_FORMAT = Dynamic;

-- ----------------------------
-- Table structure for roj_solution_error
-- ----------------------------
DROP TABLE IF EXISTS `roj_solution_error`;
CREATE TABLE `roj_solution_error`  (
  `serr_solu_id` int(11) UNSIGNED NOT NULL,
  `serr_info` longtext CHARACTER SET utf8mb4 COLLATE utf8mb4_general_ci NULL,
  PRIMARY KEY (`serr_solu_id`) USING BTREE,
  INDEX `pk_serr_solu_id`(`serr_solu_id`) USING BTREE,
  CONSTRAINT `fk_serr_solu_id` FOREIGN KEY (`serr_solu_id`) REFERENCES `roj_solution` (`solu_id`) ON DELETE RESTRICT ON UPDATE RESTRICT
) ENGINE = InnoDB CHARACTER SET = utf8mb4 COLLATE = utf8mb4_general_ci ROW_FORMAT = Dynamic;

-- ----------------------------
-- Table structure for roj_user
-- ----------------------------
DROP TABLE IF EXISTS `roj_user`;
CREATE TABLE `roj_user`  (
  `user_id` int(11) UNSIGNED NOT NULL AUTO_INCREMENT,
  `user_username` varchar(20) CHARACTER SET utf8mb4 COLLATE utf8mb4_general_ci NOT NULL,
  `user_password` varchar(32) CHARACTER SET utf8mb4 COLLATE utf8mb4_general_ci NOT NULL,
  `user_nickname` varchar(50) CHARACTER SET utf8mb4 COLLATE utf8mb4_general_ci NULL DEFAULT '',
  `user_email` varchar(50) CHARACTER SET utf8mb4 COLLATE utf8mb4_general_ci NULL DEFAULT '',
  `user_school` varchar(50) CHARACTER SET utf8mb4 COLLATE utf8mb4_general_ci NULL DEFAULT '',
  `user_submit_count` int(11) UNSIGNED NULL DEFAULT 0,
  `user_solved_count` int(11) UNSIGNED NULL DEFAULT 0,
  `user_is_locked` tinyint(1) UNSIGNED NULL DEFAULT 0,
  `user_is_admin` tinyint(1) UNSIGNED NULL DEFAULT 0,
  PRIMARY KEY (`user_id`, `user_username`) USING BTREE,
  INDEX `pk_user_id`(`user_id`) USING BTREE,
  INDEX `pk_user_username`(`user_username`) USING BTREE
) ENGINE = InnoDB AUTO_INCREMENT = 43 CHARACTER SET = utf8mb4 COLLATE = utf8mb4_general_ci ROW_FORMAT = Dynamic;

-- ----------------------------
-- Records of roj_user
-- ----------------------------
INSERT INTO `roj_user` VALUES (1, 'admin', 'e3077c062f7afe9af598b87e04d8fa4c', '期末作业管理员', '961523404@qq.com', '山东师范大学', 0, 0, 0, 1);
INSERT INTO `roj_user` VALUES (2, 'user1', 'e3077c062f7afe9af598b87e04d8fa4c', '用户1', 'user@qq.com', '山东师范大学', 0, 0, 0, 0);
INSERT INTO `roj_user` VALUES (3, 'user2', 'e3077c062f7afe9af598b87e04d8fa4c', '用户2', 'user@qq.com', '山东师范大学', 0, 0, 0, 0);
INSERT INTO `roj_user` VALUES (4, 'user3', 'e3077c062f7afe9af598b87e04d8fa4c', '用户3', 'user@qq.com', '山东师范大学', 0, 0, 0, 0);
INSERT INTO `roj_user` VALUES (5, 'user4', 'e3077c062f7afe9af598b87e04d8fa4c', '用户4', 'user@qq.com', '山东师范大学', 0, 0, 0, 0);
INSERT INTO `roj_user` VALUES (6, 'user5', 'e3077c062f7afe9af598b87e04d8fa4c', '用户5', 'user@qq.com', '山东师范大学', 0, 0, 0, 0);
INSERT INTO `roj_user` VALUES (7, 'user6', 'e3077c062f7afe9af598b87e04d8fa4c', '用户6', 'user@qq.com', '山东师范大学', 0, 0, 0, 0);
INSERT INTO `roj_user` VALUES (8, 'user7', 'e3077c062f7afe9af598b87e04d8fa4c', '用户7', 'user@qq.com', '山东师范大学', 0, 0, 0, 0);
INSERT INTO `roj_user` VALUES (9, 'user8', 'e3077c062f7afe9af598b87e04d8fa4c', '用户8', 'user@qq.com', '山东师范大学', 0, 0, 0, 0);
INSERT INTO `roj_user` VALUES (10, 'user9', 'e3077c062f7afe9af598b87e04d8fa4c', '用户9', 'user@qq.com', '山东师范大学', 0, 0, 0, 0);
INSERT INTO `roj_user` VALUES (11, 'user10', 'e3077c062f7afe9af598b87e04d8fa4c', '用户10', 'user@qq.com', '山东师范大学', 0, 0, 0, 0);
INSERT INTO `roj_user` VALUES (12, 'user11', 'e3077c062f7afe9af598b87e04d8fa4c', '用户11', 'user@qq.com', '山东师范大学', 0, 0, 0, 0);
INSERT INTO `roj_user` VALUES (13, 'user12', 'e3077c062f7afe9af598b87e04d8fa4c', '用户12', 'user@qq.com', '山东师范大学', 0, 0, 0, 0);
INSERT INTO `roj_user` VALUES (14, 'user13', 'e3077c062f7afe9af598b87e04d8fa4c', '用户13', 'user@qq.com', '山东师范大学', 0, 0, 0, 0);
INSERT INTO `roj_user` VALUES (15, 'user14', 'e3077c062f7afe9af598b87e04d8fa4c', '用户14', 'user@qq.com', '山东师范大学', 0, 0, 0, 0);
INSERT INTO `roj_user` VALUES (16, 'user15', 'e3077c062f7afe9af598b87e04d8fa4c', '用户15', 'user@qq.com', '山东师范大学', 0, 0, 0, 0);
INSERT INTO `roj_user` VALUES (17, 'user16', 'e3077c062f7afe9af598b87e04d8fa4c', '用户16', 'user@qq.com', '山东师范大学', 0, 0, 0, 0);
INSERT INTO `roj_user` VALUES (18, 'user17', 'e3077c062f7afe9af598b87e04d8fa4c', '用户17', 'user@qq.com', '山东师范大学', 0, 0, 0, 0);
INSERT INTO `roj_user` VALUES (19, 'user18', 'e3077c062f7afe9af598b87e04d8fa4c', '用户18', 'user@qq.com', '山东师范大学', 0, 0, 0, 0);
INSERT INTO `roj_user` VALUES (20, 'user19', 'e3077c062f7afe9af598b87e04d8fa4c', '用户19', 'user@qq.com', '山东师范大学', 0, 0, 0, 0);
INSERT INTO `roj_user` VALUES (21, 'user20', 'e3077c062f7afe9af598b87e04d8fa4c', '用户20', 'user@qq.com', '山东师范大学', 0, 0, 0, 0);
INSERT INTO `roj_user` VALUES (22, 'user21', 'e3077c062f7afe9af598b87e04d8fa4c', '用户21', 'user@qq.com', '山东师范大学', 0, 0, 0, 0);
INSERT INTO `roj_user` VALUES (23, 'user22', 'e3077c062f7afe9af598b87e04d8fa4c', '用户22', 'user@qq.com', '山东师范大学', 0, 0, 0, 0);
INSERT INTO `roj_user` VALUES (24, 'user23', 'e3077c062f7afe9af598b87e04d8fa4c', '用户23', 'user@qq.com', '山东师范大学', 0, 0, 0, 0);
INSERT INTO `roj_user` VALUES (25, 'user24', 'e3077c062f7afe9af598b87e04d8fa4c', '用户24', 'user@qq.com', '山东师范大学', 0, 0, 0, 0);
INSERT INTO `roj_user` VALUES (26, 'user25', 'e3077c062f7afe9af598b87e04d8fa4c', '用户25', 'user@qq.com', '山东师范大学', 0, 0, 0, 0);
INSERT INTO `roj_user` VALUES (27, 'user26', 'e3077c062f7afe9af598b87e04d8fa4c', '用户26', 'user@qq.com', '山东师范大学', 0, 0, 0, 0);
INSERT INTO `roj_user` VALUES (28, 'user27', 'e3077c062f7afe9af598b87e04d8fa4c', '用户27', 'user@qq.com', '山东师范大学', 0, 0, 0, 0);
INSERT INTO `roj_user` VALUES (29, 'user28', 'e3077c062f7afe9af598b87e04d8fa4c', '用户28', 'user@qq.com', '山东师范大学', 0, 0, 0, 0);
INSERT INTO `roj_user` VALUES (30, 'user29', 'e3077c062f7afe9af598b87e04d8fa4c', '用户29', 'user@qq.com', '山东师范大学', 0, 0, 0, 0);
INSERT INTO `roj_user` VALUES (31, 'user30', 'e3077c062f7afe9af598b87e04d8fa4c', '用户30', 'user@qq.com', '山东师范大学', 0, 0, 0, 0);
INSERT INTO `roj_user` VALUES (32, 'user31', 'e3077c062f7afe9af598b87e04d8fa4c', '用户31', 'user@qq.com', '山东师范大学', 0, 0, 0, 0);
INSERT INTO `roj_user` VALUES (33, 'user32', 'e3077c062f7afe9af598b87e04d8fa4c', '用户32', 'user@qq.com', '山东师范大学', 0, 0, 0, 0);
INSERT INTO `roj_user` VALUES (34, 'user33', 'e3077c062f7afe9af598b87e04d8fa4c', '用户33', 'user@qq.com', '山东师范大学', 0, 0, 0, 0);
INSERT INTO `roj_user` VALUES (35, 'user34', 'e3077c062f7afe9af598b87e04d8fa4c', '用户34', 'user@qq.com', '山东师范大学', 0, 0, 0, 0);
INSERT INTO `roj_user` VALUES (36, 'user35', 'e3077c062f7afe9af598b87e04d8fa4c', '用户35', 'user@qq.com', '山东师范大学', 0, 0, 0, 0);
INSERT INTO `roj_user` VALUES (37, 'user36', 'e3077c062f7afe9af598b87e04d8fa4c', '用户36', 'user@qq.com', '山东师范大学', 0, 0, 0, 0);
INSERT INTO `roj_user` VALUES (38, 'user37', 'e3077c062f7afe9af598b87e04d8fa4c', '用户37', 'user@qq.com', '山东师范大学', 0, 0, 0, 0);
INSERT INTO `roj_user` VALUES (39, 'user38', 'e3077c062f7afe9af598b87e04d8fa4c', '用户38', 'user@qq.com', '山东师范大学', 0, 0, 0, 0);
INSERT INTO `roj_user` VALUES (40, 'user39', 'e3077c062f7afe9af598b87e04d8fa4c', '用户39', 'user@qq.com', '山东师范大学', 0, 0, 0, 0);
INSERT INTO `roj_user` VALUES (41, 'user40', 'e3077c062f7afe9af598b87e04d8fa4c', '用户40', 'user@qq.com', '山东师范大学', 0, 0, 0, 0);
INSERT INTO `roj_user` VALUES (42, 'user41', 'e3077c062f7afe9af598b87e04d8fa4c', '用户41', 'user@qq.com', '山东师范大学', 0, 0, 0, 0);

SET FOREIGN_KEY_CHECKS = 1;
